Node ID,fx,fy,fz
1,2.43e+01,7.98e+00,1.07e+01
2,-1.78e-15,-1.55e-15,-2.04e-14
3,7.11e-15,4.44e-15,1.73e-14
4,5.33e-15,3.66e-15,-1.69e-14
5,3.41e+01,6.53e+00,1.85e+01
6,-7.11e-15,2.55e-15,-2.04e-14
7,-1.78e-14,-7.22e-15,4.22e-15
8,-7.11e-15,-1.40e-14,-4.44e-15
9,3.09e+01,7.42e+00,1.82e+01
10,-3.55e-15,-4.44e-15,-1.33e-14
11,3.55e-15,1.60e-14,4.35e-14
12,-1.78e-14,-2.66e-15,5.15e-14
13,3.09e+01,6.13e+00,2.03e+01
14,1.78e-14,1.42e-14,4.57e-14
15,7.11e-15,1.60e-14,9.68e-14
16,-7.11e-15,0.00e+00,-1.78e-14
17,3.03e+01,2.24e+00,2.20e+01
18,-1.42e-14,-8.88e-16,-6.13e-14
19,3.55e-15,2.66e-15,2.49e-14
20,-7.11e-15,-6.22e-15,-3.11e-15
21,2.66e+01,-3.73e+00,2.10e+01
22,1.42e-14,-9.77e-15,1.60e-14
23,3.55e-15,-5.33e-15,5.15e-14
24,-1.07e-14,-8.88e-16,-1.33e-15
25,1.85e+01,-9.85e+00,1.54e+01
26,7.11e-15,0.00e+00,3.55e-15
27,-3.55e-15,-1.07e-14,1.78e-14
28,3.55e-15,7.11e-15,-1.53e-14
29,6.62e+00,-1.37e+01,5.65e+00
30,-1.78e-15,-5.33e-14,-1.42e-14
31,8.88e-16,3.55e-14,6.22e-15
32,-8.88e-16,5.33e-15,-1.49e-14
33,-6.62e+00,-1.37e+01,-5.65e+00
34,0.00e+00,-1.07e-14,1.07e-14
35,1.78e-15,-8.17e-14,-5.33e-15
36,-1.78e-15,3.20e-14,1.61e-15
37,-1.85e+01,-9.85e+00,-1.54e+01
38,-7.11e-15,3.20e-14,-2.84e-14
39,1.95e-14,7.82e-14,0.00e+00
40,-7.11e-15,7.11e-15,1.60e-14
41,-2.66e+01,-3.73e+00,-2.10e+01
42,-7.11e-15,-6.22e-15,5.33e-15
43,-3.55e-15,-1.69e-14,3.55e-14
44,1.07e-14,1.42e-14,9.33e-15
45,-3.03e+01,2.25e+00,-2.20e+01
46,-7.11e-15,-8.44e-15,-7.11e-15
47,3.55e-15,2.66e-15,-7.11e-15
48,-2.49e-14,-1.55e-14,-4.88e-15
49,-3.09e+01,6.13e+00,-2.03e+01
50,-1.07e-14,-1.78e-15,-4.93e-14
51,1.42e-14,-1.78e-15,-6.04e-14
52,-1.78e-14,0.00e+00,1.95e-14
53,-3.09e+01,7.42e+00,-1.82e+01
54,7.11e-15,4.44e-15,-5.33e-15
55,-3.55e-15,-3.55e-15,2.31e-14
56,1.07e-14,9.33e-15,4.44e-15
57,-3.41e+01,6.53e+00,-1.85e+01
58,1.07e-14,3.66e-15,-7.11e-15
59,-1.78e-14,1.80e-14,1.09e-14
60,0.00e+00,-3.16e-15,-2.49e-14
61,-2.43e+01,7.98e+00,-1.07e+01
62,0.00e+00,2.66e-15,1.07e-14
63,-1.95e-14,-1.11e-15,4.44e-16
64,1.78e-15,-7.11e-15,4.44e-15
65,2.91e+01,1.38e+01,1.35e+01
66,-4.00e-15,1.64e-14,1.29e-14
67,-1.12e-14,2.44e-15,-4.88e-14
68,8.44e-15,7.72e-15,1.24e-14
69,2.61e+01,1.51e+01,2.50e+01
70,4.88e-15,-6.44e-15,3.73e-14
71,1.60e-14,-3.05e-14,3.91e-14
72,8.88e-15,-2.86e-15,1.07e-14
73,1.78e+01,1.82e+01,2.83e+01
74,-9.77e-15,5.33e-15,2.84e-14
75,1.33e-15,4.26e-14,-1.43e-13
76,-1.07e-14,2.66e-14,-4.62e-14
77,1.65e+01,1.68e+01,3.74e+01
78,-3.55e-15,-3.55e-15,-8.53e-14
79,-2.49e-14,-8.88e-15,-2.10e-13
80,7.11e-15,-3.64e-14,-5.68e-14
81,1.69e+01,1.02e+01,4.70e+01
82,2.49e-14,-3.55e-15,-4.26e-14
83,-1.07e-14,8.88e-15,-1.39e-13
84,7.11e-15,2.26e-14,3.55e-15
85,1.55e+01,-1.56e+00,4.88e+01
86,1.42e-14,1.53e-14,-6.04e-14
87,3.55e-15,7.99e-15,1.78e-13
88,-3.55e-15,3.19e-15,4.62e-14
89,1.13e+01,-1.46e+01,3.78e+01
90,1.07e-14,-3.55e-15,-1.42e-14
91,-1.24e-14,-7.11e-15,7.99e-14
92,0.00e+00,7.99e-15,1.07e-14
93,4.20e+00,-2.33e+01,1.44e+01
94,3.55e-15,-7.11e-15,-1.78e-14
95,2.66e-15,-4.62e-14,3.38e-14
96,6.22e-15,-3.11e-14,-3.82e-14
97,-4.20e+00,-2.33e+01,-1.44e+01
98,9.77e-15,-3.55e-14,7.11e-15
99,-2.66e-15,-1.03e-13,-1.33e-14
100,2.66e-15,-3.73e-14,-9.77e-15
101,-1.13e+01,-1.46e+01,-3.78e+01
102,-3.55e-15,2.31e-14,-4.62e-14
103,1.24e-14,6.75e-14,-6.39e-14
104,-3.55e-15,-1.78e-14,-4.09e-14
105,-1.55e+01,-1.56e+00,-4.88e+01
106,-7.11e-15,5.77e-15,-1.21e-13
107,-1.42e-14,-3.91e-14,3.55e-14
108,0.00e+00,8.33e-16,-3.20e-14
109,-1.69e+01,1.02e+01,-4.70e+01
110,7.11e-15,3.55e-15,8.88e-14
111,1.24e-14,4.26e-14,-1.03e-13
112,-1.07e-14,1.51e-14,2.84e-14
113,-1.65e+01,1.68e+01,-3.74e+01
114,0.00e+00,3.55e-15,5.33e-15
115,-8.88e-16,-5.51e-14,-3.82e-14
116,-3.55e-15,-1.47e-14,8.88e-14
117,-1.78e+01,1.82e+01,-2.83e+01
118,-7.11e-15,8.88e-16,3.91e-14
119,-1.47e-14,-6.22e-15,1.88e-13
120,1.60e-14,-1.24e-14,4.62e-14
121,-2.61e+01,1.51e+01,-2.50e+01
122,7.11e-15,6.44e-15,1.07e-14
123,-9.10e-15,-9.77e-15,-3.29e-14
124,1.24e-14,3.72e-14,-4.44e-14
125,-2.91e+01,1.38e+01,-1.35e+01
126,-1.13e-14,5.83e-15,2.66e-15
127,-2.46e-14,2.00e-15,2.66e-15
128,2.58e-14,1.06e-14,1.24e-14
129,3.04e+01,1.66e+01,1.81e+01
130,2.66e-15,2.66e-15,2.75e-14
131,-8.66e-15,2.80e-14,-3.73e-14
132,-4.66e-15,-3.28e-15,-8.88e-15
133,1.90e+01,2.36e+01,3.39e+01
134,-2.13e-14,-5.06e-14,-4.00e-15
135,-2.66e-14,1.80e-14,-2.00e-14
136,0.00e+00,-3.32e-14,-2.31e-14
137,1.28e+01,3.32e+01,4.29e+01
138,3.55e-15,-1.24e-14,6.84e-14
139,3.55e-15,3.55e-14,8.44e-14
140,3.55e-15,-3.55e-14,3.02e-14
141,2.29e+01,3.80e+01,6.63e+01
142,-1.07e-14,1.42e-14,1.73e-13
143,-2.13e-14,7.82e-14,-8.79e-14
144,3.55e-15,-1.07e-14,4.46e-14
145,4.20e+01,3.22e+01,9.76e+01
146,-1.42e-14,-8.88e-14,-1.47e-13
147,0.00e+00,-4.97e-14,2.17e-13
148,0.00e+00,-7.99e-15,-5.33e-15
149,5.85e+01,1.01e+01,1.19e+02
150,7.11e-15,4.44e-14,7.11e-14
151,2.84e-14,2.49e-14,-7.11e-15
152,7.11e-15,-4.57e-14,-7.46e-14
153,5.24e+01,-2.10e+01,1.01e+02
154,-3.55e-14,1.42e-14,1.07e-13
155,6.39e-14,3.55e-15,-4.62e-14
156,-2.13e-14,4.62e-14,-4.62e-14
157,2.08e+01,-4.34e+01,3.93e+01
158,-1.07e-14,-2.13e-14,2.93e-14
159,3.55e-15,1.42e-14,1.95e-14
160,1.42e-14,3.20e-14,2.58e-14
161,-2.08e+01,-4.34e+01,-3.93e+01
162,7.11e-15,-2.20e-13,1.78e-15
163,0.00e+00,4.97e-14,-3.55e-14
164,7.11e-15,-5.33e-14,-2.93e-14
165,-5.24e+01,-2.10e+01,-1.01e+02
166,2.13e-14,-1.42e-14,-2.13e-14
167,1.42e-14,-3.20e-14,2.03e-13
168,-1.42e-14,4.80e-14,-3.55e-15
169,-5.85e+01,1.01e+01,-1.19e+02
170,2.13e-14,-5.33e-15,-1.42e-13
171,1.42e-14,1.69e-14,-2.24e-13
172,-7.11e-14,-2.29e-14,7.11e-14
173,-4.20e+01,3.22e+01,-9.76e+01
174,7.11e-15,-1.78e-14,4.97e-14
175,7.11e-15,-4.26e-14,4.26e-14
176,7.11e-15,-8.88e-15,-5.51e-14
177,-2.29e+01,3.80e+01,-6.63e+01
178,-7.11e-15,4.97e-14,-5.33e-15
179,3.55e-15,7.11e-15,1.02e-13
180,3.55e-15,-3.55e-15,-3.18e-14
181,-1.28e+01,3.32e+01,-4.29e+01
182,-7.11e-15,-6.22e-14,4.88e-14
183,5.33e-15,0.00e+00,-9.24e-14
184,3.38e-14,-5.33e-15,2.22e-14
185,-1.90e+01,2.36e+01,-3.39e+01
186,-6.66e-15,3.11e-15,2.93e-14
187,7.11e-15,7.28e-14,-7.99e-15
188,-3.11e-15,-1.28e-14,-7.99e-15
189,-3.04e+01,1.66e+01,-1.81e+01
190,1.95e-14,0.00e+00,1.78e-15
191,-1.62e-14,4.60e-14,-6.04e-14
192,1.60e-14,-2.05e-14,2.49e-14
193,3.90e+01,2.36e+01,2.04e+01
194,9.49e-15,-3.86e-14,-3.38e-14
195,1.02e-14,-1.34e-14,2.84e-14
196,1.11e-14,-1.94e-14,-2.13e-14
197,2.26e+01,3.99e+01,3.89e+01
198,-8.55e-15,2.53e-14,-3.91e-14
199,-9.77e-15,2.13e-14,-4.62e-14
200,-1.17e-15,2.89e-14,-1.07e-14
201,2.63e+01,6.51e+01,5.68e+01
202,1.78e-15,-3.91e-14,2.49e-14
203,-3.55e-15,-3.55e-14,-4.62e-14
204,-2.66e-15,-5.95e-14,-7.55e-15
205,7.11e+01,8.91e+01,1.05e+02
206,-1.78e-14,1.14e-13,-6.39e-14
207,1.42e-14,-5.68e-14,-1.85e-13
208,-2.13e-14,-1.95e-14,5.68e-14
209,1.55e+02,9.17e+01,1.84e+02
210,-7.11e-14,8.53e-14,7.11e-14
211,-1.42e-14,-4.26e-14,-4.19e-13
212,-2.84e-14,1.42e-14,8.53e-14
213,2.34e+02,3.93e+01,2.45e+02
214,-8.53e-14,3.55e-14,-1.42e-13
215,5.68e-14,-4.26e-14,-5.68e-14
216,-8.53e-14,-1.42e-14,2.84e-14
217,2.16e+02,-5.20e+01,2.15e+02
218,-5.68e-14,1.42e-14,3.13e-13
219,-5.68e-14,1.42e-14,4.26e-14
220,-1.99e-13,7.11e-15,0.00e+00
221,8.63e+01,-1.19e+02,8.55e+01
222,-2.13e-14,-7.11e-14,7.11e-14
223,4.26e-14,-1.71e-13,2.13e-14
224,-2.13e-14,9.24e-14,-4.97e-14
225,-8.63e+01,-1.19e+02,-8.55e+01
226,1.42e-14,5.68e-14,1.14e-13
227,7.11e-15,0.00e+00,-4.26e-14
228,-4.26e-14,5.33e-14,7.11e-15
229,-2.16e+02,-5.20e+01,-2.15e+02
230,8.53e-14,0.00e+00,-2.27e-13
231,-1.42e-14,-1.42e-14,1.56e-13
232,8.53e-14,2.84e-14,-5.68e-14
233,-2.34e+02,3.93e+01,-2.45e+02
234,-2.27e-13,-2.84e-14,1.71e-13
235,1.28e-13,-7.11e-15,3.77e-13
236,5.68e-14,0.00e+00,-5.68e-14
237,-1.55e+02,9.17e+01,-1.84e+02
238,-2.84e-14,-9.95e-14,-2.27e-13
239,1.42e-14,-2.84e-14,-1.14e-13
240,-1.56e-13,4.62e-14,-2.13e-13
241,-7.11e+01,8.91e+01,-1.05e+02
242,3.20e-14,-9.24e-14,2.27e-13
243,5.33e-14,-1.42e-13,-5.68e-14
244,-3.91e-14,-3.55e-15,-5.68e-14
245,-2.63e+01,6.51e+01,-5.68e+01
246,7.99e-15,-7.11e-15,5.68e-14
247,2.66e-14,-5.68e-14,1.07e-13
248,-1.95e-14,-4.17e-14,1.34e-13
249,-2.26e+01,3.99e+01,-3.89e+01
250,-3.55e-15,-2.58e-14,2.66e-14
251,1.60e-14,8.97e-14,7.28e-14
252,-6.66e-15,-4.79e-14,9.77e-15
253,-3.90e+01,2.36e+01,-2.04e+01
254,-2.22e-16,3.33e-15,-2.13e-14
255,2.22e-15,4.03e-14,4.97e-14
256,-2.55e-15,-5.01e-14,8.88e-15
257,5.00e+01,3.28e+01,2.04e+01
258,3.60e-14,-1.95e-14,1.07e-14
259,-1.60e-14,-3.11e-14,-5.68e-14
260,-2.31e-14,-2.49e-14,5.33e-15
261,2.94e+01,6.29e+01,4.00e+01
262,1.87e-14,-1.07e-14,-4.26e-14
263,8.88e-16,8.13e-14,5.33e-14
264,-1.15e-14,2.50e-14,-3.02e-14
265,5.44e+01,1.17e+02,6.66e+01
266,-3.62e-14,8.88e-15,-2.13e-14
267,4.09e-14,-1.10e-13,2.49e-13
268,-1.78e-15,-4.44e-15,-7.11e-15
269,1.76e+02,1.86e+02,1.44e+02
270,3.38e-14,0.00e+00,-1.71e-13
271,3.20e-14,3.20e-14,-1.56e-13
272,3.02e-14,2.04e-14,0.00e+00
273,4.06e+02,2.12e+02,2.75e+02
274,7.82e-14,-1.78e-13,1.42e-13
275,-2.98e-13,3.41e-13,2.56e-13
276,8.53e-14,-1.14e-13,-1.42e-14
277,6.25e+02,9.93e+01,3.86e+02
278,-2.84e-14,1.85e-13,5.12e-13
279,3.84e-13,2.84e-14,5.68e-13
280,-5.40e-13,-7.11e-14,2.84e-13
281,5.77e+02,-1.18e+02,3.44e+02
282,2.42e-13,-1.21e-13,-3.98e-13
283,-7.11e-13,-2.84e-14,-7.96e-13
284,-5.68e-14,-1.71e-13,-3.41e-13
285,2.31e+02,-2.79e+02,1.36e+02
286,1.42e-14,6.54e-13,2.27e-13
287,-9.24e-14,-6.25e-13,-5.68e-14
288,6.39e-14,9.95e-14,0.00e+00
289,-2.31e+02,-2.79e+02,-1.36e+02
290,-2.13e-14,9.66e-13,4.26e-13
291,1.78e-13,-1.71e-13,7.39e-13
292,-2.91e-13,1.85e-13,-1.71e-13
293,-5.77e+02,-1.18e+02,-3.44e+02
294,-8.53e-14,-4.97e-13,-1.71e-13
295,-1.71e-13,7.11e-14,-2.27e-13
296,-3.98e-13,4.26e-14,-5.68e-13
297,-6.25e+02,9.93e+01,-3.86e+02
298,-3.41e-13,2.06e-13,6.82e-13
299,-6.11e-13,1.71e-13,-5.68e-13
300,3.98e-13,-4.26e-14,-5.68e-14
301,-4.06e+02,2.12e+02,-2.75e+02
302,-3.34e-13,1.14e-13,3.41e-13
303,-2.88e-13,-5.68e-14,-1.71e-13
304,5.26e-13,-8.53e-14,-1.56e-13
305,-1.76e+02,1.86e+02,-1.44e+02
306,7.46e-14,-7.11e-14,-4.26e-14
307,-1.07e-13,2.84e-14,1.28e-13
308,-2.13e-14,1.14e-13,-9.59e-14
309,-5.44e+01,1.17e+02,-6.66e+01
310,-2.13e-14,1.85e-13,-1.71e-13
311,2.66e-14,-2.84e-14,-2.84e-14
312,-1.42e-14,0.00e+00,7.11e-15
313,-2.94e+01,6.29e+01,-4.00e+01
314,-7.11e-15,8.70e-14,3.55e-14
315,3.73e-14,-4.26e-14,-9.95e-14
316,-2.13e-14,3.38e-14,3.55e-14
317,-5.00e+01,3.28e+01,-2.04e+01
318,9.77e-15,-7.11e-14,2.13e-14
319,4.09e-14,-2.84e-14,-1.07e-13
320,-8.88e-15,1.78e-14,-1.78e-14
321,6.08e+01,4.24e+01,1.75e+01
322,-2.66e-14,2.49e-14,-1.10e-13
323,4.22e-14,7.11e-15,-7.11e-15
324,-7.11e-15,-7.11e-15,-3.20e-14
325,3.62e+01,8.73e+01,3.50e+01
326,5.33e-15,5.68e-14,-3.02e-14
327,8.88e-15,-2.84e-14,-5.51e-14
328,-5.33e-15,1.42e-14,-2.26e-14
329,9.26e+01,1.83e+02,6.35e+01
330,6.44e-15,9.95e-14,-2.52e-13
331,4.26e-14,-5.68e-14,-1.14e-13
332,2.66e-14,-1.42e-14,-8.88e-15
333,3.24e+02,3.14e+02,1.48e+02
334,1.47e-13,1.14e-13,-2.34e-13
335,-3.55e-14,0.00e+00,-3.46e-13
336,-4.71e-14,1.42e-13,-1.28e-13
337,7.63e+02,3.78e+02,2.90e+02
338,3.55e-15,-2.84e-13,-1.25e-12
339,-2.98e-13,9.95e-14,0.00e+00
340,5.51e-13,-5.40e-13,1.14e-13
341,1.17e+03,1.77e+02,4.05e+02
342,8.53e-13,5.90e-13,3.41e-13
343,-1.45e-12,2.84e-14,0.00e+00
344,-1.79e-12,1.31e-12,7.67e-13
345,1.07e+03,-2.06e+02,3.58e+02
346,-5.54e-13,-2.27e-13,-1.14e-13
347,-1.14e-13,-1.71e-13,6.82e-13
348,2.59e-12,5.54e-13,9.38e-13
349,4.30e+02,-4.90e+02,1.41e+02
350,7.82e-14,2.13e-14,1.99e-13
351,3.55e-13,-1.56e-13,5.68e-14
352,8.67e-13,-4.83e-13,2.98e-13
353,-4.30e+02,-4.90e+02,-1.41e+02
354,-3.77e-13,-6.04e-13,-8.53e-14
355,-9.09e-13,4.41e-13,1.14e-13
356,-1.68e-12,6.11e-13,5.68e-14
357,-1.07e+03,-2.06e+02,-3.58e+02
358,-9.95e-13,-3.55e-14,2.27e-13
359,8.81e-13,1.14e-13,6.82e-13
360,3.41e-12,7.32e-13,2.84e-13
361,-1.17e+03,1.77e+02,-4.05e+02
362,-1.42e-13,2.56e-13,1.59e-12
363,-2.67e-12,4.26e-14,-1.59e-12
364,-1.66e-12,-1.31e-12,-1.42e-13
365,-7.63e+02,3.78e+02,-2.90e+02
366,5.01e-13,-1.85e-13,3.41e-13
367,-1.08e-12,-1.02e-12,1.14e-13
368,7.39e-13,5.40e-13,8.53e-14
369,-3.24e+02,3.14e+02,-1.48e+02
370,8.53e-14,3.98e-13,4.69e-13
371,-3.91e-14,-3.41e-13,-6.75e-14
372,1.15e-13,5.68e-14,-1.35e-13
373,-9.26e+01,1.83e+02,-6.35e+01
374,-1.42e-14,1.71e-13,2.20e-13
375,-7.11e-15,2.27e-13,3.91e-14
376,7.11e-14,1.42e-13,-1.87e-14
377,-3.62e+01,8.73e+01,-3.50e+01
378,7.11e-15,1.42e-13,6.75e-14
379,0.00e+00,0.00e+00,3.55e-15
380,-1.42e-14,-5.68e-14,8.88e-15
381,-6.08e+01,4.24e+01,-1.74e+01
382,0.00e+00,-2.13e-14,4.97e-14
383,1.42e-14,-1.71e-13,8.53e-14
384,-7.11e-15,-4.26e-14,3.20e-14
385,6.91e+01,5.01e+01,1.17e+01
386,0.00e+00,-3.55e-14,7.11e-15
387,1.78e-14,1.42e-14,4.26e-14
388,-1.07e-14,1.42e-14,-1.42e-14
389,4.17e+01,1.08e+02,2.39e+01
390,0.00e+00,0.00e+00,-1.78e-14
391,0.00e+00,-1.42e-14,-2.84e-14
392,-3.55e-14,5.68e-14,2.80e-14
393,1.25e+02,2.39e+02,4.50e+01
394,7.11e-15,-1.14e-13,-4.97e-14
395,-1.42e-14,8.53e-14,9.95e-14
396,5.68e-14,-2.13e-14,1.69e-14
397,4.51e+02,4.23e+02,1.04e+02
398,-1.28e-13,2.27e-13,-8.53e-14
399,2.70e-13,2.84e-13,1.28e-13
400,-7.11e-14,-8.53e-14,4.26e-14
401,1.06e+03,5.15e+02,2.03e+02
402,4.05e-13,-9.09e-13,3.41e-13
403,-1.14e-13,4.55e-13,1.71e-13
404,-1.05e-12,5.68e-14,8.53e-14
405,1.62e+03,2.41e+02,2.81e+02
406,7.39e-13,-4.55e-13,5.68e-13
407,1.36e-12,-2.27e-13,-2.27e-13
408,-2.39e-12,1.29e-12,5.68e-13
409,1.48e+03,-2.75e+02,2.44e+02
410,1.31e-12,2.27e-13,1.71e-13
411,-1.65e-12,-1.14e-13,-4.55e-13
412,8.07e-12,-8.95e-13,-1.71e-12
413,5.88e+02,-6.53e+02,9.46e+01
414,-3.13e-13,-9.09e-13,-3.41e-13
415,-3.13e-13,-4.55e-13,-1.99e-13
416,-2.84e-14,7.67e-13,-7.11e-13
417,-5.88e+02,-6.53e+02,-9.46e+01
418,-1.71e-13,-1.14e-12,0.00e+00
419,4.97e-13,2.50e-12,2.27e-13
420,7.11e-13,1.53e-12,-1.28e-12
421,-1.48e+03,-2.75e+02,-2.44e+02
422,-6.82e-13,1.14e-12,3.98e-13
423,-1.41e-12,-2.05e-12,4.55e-13
424,6.71e-12,-9.09e-13,-4.55e-13
425,-1.62e+03,2.41e+02,-2.81e+02
426,-6.82e-13,-2.27e-13,3.98e-13
427,-3.01e-12,-3.41e-13,1.14e-12
428,8.47e-12,3.41e-13,9.09e-13
429,-1.06e+03,5.15e+02,-2.03e+02
430,-3.62e-13,-1.25e-12,1.42e-13
431,-1.71e-12,-9.09e-13,-1.14e-13
432,1.14e-12,0.00e+00,8.53e-14
433,-4.51e+02,4.23e+02,-1.04e+02
434,-7.11e-14,-4.55e-13,4.62e-14
435,-2.84e-14,-1.99e-13,-2.56e-13
436,8.53e-14,3.41e-13,-7.11e-15
437,-1.25e+02,2.39e+02,-4.50e+01
438,3.55e-14,-1.42e-14,-4.26e-14
439,-8.53e-14,1.85e-13,1.42e-13
440,5.68e-14,1.30e-13,-2.13e-14
441,-4.17e+01,1.08e+02,-2.39e+01
442,6.00e-15,1.78e-14,-7.82e-14
443,-7.11e-15,8.53e-14,-1.42e-14
444,1.07e-14,4.26e-14,2.13e-14
445,-6.91e+01,5.01e+01,-1.17e+01
446,2.13e-14,5.51e-14,4.40e-14
447,-1.07e-14,6.66e-15,-3.07e-14
448,2.13e-14,6.75e-14,3.80e-14
449,7.36e+01,5.44e+01,4.14e+00
450,-7.11e-15,-5.51e-14,1.24e-14
451,5.68e-14,9.33e-15,-2.14e-14
452,7.11e-15,-1.78e-14,6.11e-16
453,4.47e+01,1.20e+02,8.50e+00
454,-1.07e-14,7.11e-14,-1.17e-14
455,0.00e+00,1.49e-13,6.13e-14
456,-3.64e-14,1.17e-13,-8.88e-16
457,1.43e+02,2.68e+02,1.61e+01
458,5.68e-14,2.13e-13,2.22e-15
459,-5.68e-14,1.21e-13,8.21e-14
460,-9.95e-14,-7.11e-15,-3.55e-14
461,5.15e+02,4.79e+02,3.64e+01
462,0.00e+00,-1.14e-13,-2.04e-13
463,-1.99e-13,-1.85e-13,-2.98e-13
464,1.42e-13,-1.14e-13,1.10e-13
465,1.21e+03,5.83e+02,6.93e+01
466,4.83e-13,-3.41e-13,-2.84e-13
467,1.19e-12,4.55e-13,-6.68e-13
468,1.28e-13,-4.55e-13,4.26e-14
469,1.84e+03,2.74e+02,9.30e+01
470,1.71e-12,-1.02e-12,-7.11e-14
471,2.73e-12,9.09e-13,-1.01e-12
472,-9.09e-13,1.19e-12,-1.22e-12
473,1.67e+03,-3.07e+02,7.92e+01
474,5.68e-13,5.68e-13,-5.61e-13
475,1.68e-12,0.00e+00,-1.28e-13
476,4.49e-12,-3.81e-12,-8.24e-13
477,6.62e+02,-7.24e+02,3.05e+01
478,-1.99e-13,-9.09e-13,-2.38e-13
479,7.39e-13,1.59e-12,1.01e-13
480,6.39e-13,3.13e-13,3.41e-13
481,-6.62e+02,-7.24e+02,-3.05e+01
482,-1.71e-13,0.00e+00,3.80e-13
483,-1.83e-12,4.55e-13,9.77e-14
484,-8.53e-13,-2.84e-12,1.07e-13
485,-1.67e+03,-3.07e+02,-7.92e+01
486,-5.68e-13,1.25e-12,-1.21e-13
487,-2.64e-12,-6.82e-13,4.23e-13
488,1.25e-12,-6.11e-13,-5.12e-13
489,-1.84e+03,2.74e+02,-9.30e+01
490,-7.96e-13,1.71e-13,-2.56e-13
491,-4.55e-13,-7.96e-13,9.24e-13
492,1.14e-12,-2.56e-13,9.66e-13
493,-1.21e+03,5.83e+02,-6.93e+01
494,-2.84e-14,6.82e-13,-1.42e-14
495,-1.71e-12,-1.36e-12,2.84e-14
496,1.52e-12,-1.14e-13,-2.49e-13
497,-5.15e+02,4.79e+02,-3.64e+01
498,-2.56e-13,1.71e-13,2.63e-13
499,-1.42e-13,2.42e-13,4.14e-13
500,5.12e-13,3.41e-13,1.78e-15
501,-1.43e+02,2.68e+02,-1.61e+01
502,-2.84e-14,-2.27e-13,4.45e-14
503,1.42e-13,1.78e-13,-1.94e-16
504,-4.97e-14,1.42e-13,-2.62e-14
505,-4.47e+01,1.20e+02,-8.50e+00
506,-2.84e-14,2.98e-13,7.77e-14
507,4.97e-14,-4.62e-13,1.65e-14
508,-2.40e-14,7.11e-14,3.33e-14
509,-7.36e+01,5.44e+01,-4.14e+00
510,0.00e+00,4.40e-14,8.05e-15
511,3.91e-14,-7.51e-14,-3.10e-14
512,-7.11e-15,-3.55e-14,1.80e-14
513,7.36e+01,5.44e+01,-4.14e+00
514,4.26e-14,7.95e-14,-5.02e-15
515,4.97e-14,7.42e-14,1.75e-14
516,-1.42e-14,-5.33e-14,-7.45e-15
517,4.47e+01,1.20e+02,-8.50e+00
518,1.78e-15,-1.35e-13,2.61e-14
519,3.55e-14,1.63e-13,-1.01e-14
520,-4.44e-15,9.95e-14,-2.58e-14
521,1.43e+02,2.68e+02,-1.61e+01
522,1.42e-14,-1.28e-13,-1.06e-13
523,1.14e-13,1.55e-13,3.38e-14
524,-7.11e-15,9.95e-14,6.47e-14
525,5.15e+02,4.79e+02,-3.64e+01
526,1.14e-13,2.27e-13,-2.45e-13
527,-5.68e-14,-7.53e-13,-6.57e-14
528,0.00e+00,-5.68e-14,-1.37e-13
529,1.21e+03,5.83e+02,-6.93e+01
530,-2.56e-13,-1.14e-13,-2.42e-13
531,-1.14e-13,6.82e-13,3.13e-13
532,3.55e-14,0.00e+00,2.77e-13
533,1.84e+03,2.74e+02,-9.30e+01
534,1.14e-13,1.14e-13,-3.13e-13
535,1.36e-12,-1.82e-12,-4.44e-13
536,8.75e-12,1.53e-12,3.13e-13
537,1.67e+03,-3.07e+02,-7.92e+01
538,2.16e-12,5.68e-13,1.78e-13
539,-1.42e-13,-1.14e-13,4.30e-13
540,1.71e-12,6.39e-13,-7.39e-13
541,6.62e+02,-7.24e+02,-3.05e+01
542,-1.14e-13,9.09e-13,8.88e-14
543,-2.27e-13,-1.59e-12,-1.94e-13
544,-2.13e-13,-2.70e-13,-5.47e-13
545,-6.62e+02,-7.24e+02,3.05e+01
546,2.84e-14,-1.14e-12,-3.91e-14
547,4.41e-13,6.82e-13,-3.46e-13
548,1.45e-12,-1.89e-12,3.06e-13
549,-1.67e+03,-3.07e+02,7.92e+01
550,6.82e-13,4.55e-13,-3.13e-13
551,-7.11e-13,4.55e-13,-9.66e-13
552,-4.21e-12,3.69e-13,-5.40e-13
553,-1.84e+03,2.74e+02,9.30e+01
554,-3.41e-13,2.84e-13,-3.13e-13
555,-3.41e-13,-6.82e-13,4.41e-13
556,-1.71e-12,9.95e-13,-8.24e-13
557,-1.21e+03,5.83e+02,6.93e+01
558,-2.13e-13,9.09e-13,-7.11e-14
559,-9.09e-13,-2.27e-13,3.91e-13
560,1.36e-12,1.14e-13,-5.68e-14
561,-5.15e+02,4.79e+02,3.64e+01
562,-1.42e-13,1.71e-13,-1.55e-13
563,1.99e-13,-1.99e-13,1.81e-13
564,1.71e-13,3.41e-13,-9.41e-14
565,-1.43e+02,2.68e+02,1.61e+01
566,-5.68e-14,-9.95e-14,-7.48e-14
567,0.00e+00,3.98e-13,-3.11e-15
568,-7.82e-14,8.53e-14,-3.23e-14
569,-4.47e+01,1.20e+02,8.50e+00
570,1.78e-15,-2.49e-13,-2.22e-14
571,2.84e-14,-9.24e-14,-3.89e-16
572,-2.66e-15,-1.07e-14,2.00e-15
573,-7.36e+01,5.44e+01,4.14e+00
574,3.55e-14,-9.86e-14,-1.73e-14
575,-4.26e-14,-2.35e-14,-1.03e-14
576,1.42e-14,7.11e-15,-3.62e-14
577,6.91e+01,5.01e+01,-1.17e+01
578,1.42e-14,-9.66e-14,3.49e-14
579,7.11e-14,3.89e-14,4.72e-15
580,-7.82e-14,6.39e-14,3.08e-14
581,4.17e+01,1.08e+02,-2.39e+01
582,-1.07e-14,0.00e+00,3.38e-14
583,2.13e-14,-1.31e-13,-2.40e-14
584,2.31e-14,6.75e-14,-3.77e-15
585,1.25e+02,2.39e+02,-4.50e+01
586,2.84e-14,3.34e-13,1.08e-14
587,0.00e+00,-1.42e-14,1.17e-13
588,-3.55e-14,6.04e-14,-1.59e-14
589,4.51e+02,4.23e+02,-1.04e+02
590,-1.42e-13,3.41e-13,1.42e-14
591,5.68e-14,-7.53e-13,2.29e-13
592,0.00e+00,-5.68e-14,6.39e-14
593,1.06e+03,5.15e+02,-2.03e+02
594,1.49e-13,7.96e-13,-1.71e-13
595,6.25e-13,1.14e-12,6.25e-13
596,-1.23e-12,3.98e-13,-1.71e-13
597,1.62e+03,2.41e+02,-2.81e+02
598,-1.14e-12,2.84e-13,4.55e-13
599,-8.53e-13,-7.96e-13,1.08e-12
600,-1.82e-12,-2.60e-12,-1.14e-13
601,1.48e+03,-2.75e+02,-2.44e+02
602,3.41e-13,-1.14e-13,-1.71e-13
603,3.13e-13,5.68e-13,4.26e-13
604,-1.82e-12,5.81e-12,1.48e-12
605,5.88e+02,-6.53e+02,-9.46e+01
606,2.27e-13,-2.27e-13,-3.55e-13
607,-2.77e-13,-1.36e-12,-2.98e-13
608,-1.11e-12,-2.23e-12,-2.27e-13
609,-5.88e+02,-6.53e+02,9.46e+01
610,-4.26e-13,0.00e+00,-3.69e-13
611,-2.20e-13,-1.36e-12,-2.70e-13
612,3.98e-13,3.27e-13,0.00e+00
613,-1.48e+03,-2.75e+02,2.44e+02
614,-7.96e-13,-3.41e-13,-5.68e-14
615,-7.96e-13,1.48e-12,-1.14e-13
616,4.89e-12,8.10e-13,6.82e-13
617,-1.62e+03,2.41e+02,2.81e+02
618,2.84e-13,1.14e-13,-7.39e-13
619,-7.39e-13,3.41e-13,6.25e-13
620,-3.75e-12,1.68e-12,-1.93e-12
621,-1.06e+03,5.15e+02,2.03e+02
622,1.78e-13,5.68e-13,-2.56e-13
623,-6.82e-13,-2.05e-12,4.55e-13
624,-1.12e-12,-2.27e-13,3.55e-13
625,-4.51e+02,4.23e+02,1.04e+02
626,5.68e-14,2.84e-13,-1.56e-13
627,5.68e-14,-9.95e-14,-5.33e-15
628,-8.53e-14,3.41e-13,-4.97e-14
629,-1.25e+02,2.39e+02,4.50e+01
630,7.11e-15,2.98e-13,2.94e-14
631,0.00e+00,1.59e-13,2.42e-14
632,-2.13e-14,-5.33e-14,1.90e-14
633,-4.17e+01,1.08e+02,2.39e+01
634,1.24e-14,1.56e-13,-7.11e-15
635,4.97e-14,-2.38e-13,-9.88e-14
636,-4.26e-14,9.95e-14,-2.13e-14
637,-6.91e+01,5.01e+01,1.17e+01
638,-7.11e-15,7.99e-15,-3.42e-14
639,-3.20e-14,-6.08e-14,-2.78e-14
640,-2.13e-14,-5.68e-14,-3.85e-14
641,6.08e+01,4.24e+01,-1.75e+01
642,2.84e-14,2.83e-14,1.22e-14
643,-1.78e-14,2.91e-14,1.09e-14
644,2.84e-14,2.13e-14,2.42e-14
645,3.62e+01,8.73e+01,-3.50e+01
646,1.78e-15,4.97e-14,-3.42e-14
647,-2.84e-14,5.33e-15,-4.66e-15
648,3.38e-14,-5.68e-14,1.64e-14
649,9.26e+01,1.83e+02,-6.35e+01
650,7.11e-15,-8.88e-14,-1.95e-13
651,2.84e-14,-1.46e-13,-3.29e-14
652,2.13e-14,0.00e+00,4.84e-14
653,3.24e+02,3.14e+02,-1.48e+02
654,-5.68e-14,-2.84e-14,1.92e-13
655,1.42e-13,3.55e-14,1.81e-13
656,-9.95e-14,-1.14e-13,-7.11e-14
657,7.63e+02,3.78e+02,-2.90e+02
658,2.66e-13,-4.55e-13,-5.12e-13
659,-5.97e-13,1.02e-12,7.67e-13
660,7.11e-15,1.14e-13,-8.53e-14
661,1.17e+03,1.77e+02,-4.05e+02
662,-1.14e-13,-6.25e-13,9.09e-13
663,9.09e-13,-1.25e-12,5.68e-13
664,-2.34e-12,-5.68e-13,5.19e-13
665,1.07e+03,-2.06e+02,-3.58e+02
666,4.55e-13,5.68e-14,3.41e-13
667,-2.98e-12,0.00e+00,-1.36e-12
668,-2.42e-12,6.54e-13,3.13e-13
669,4.30e+02,-4.90e+02,-1.41e+02
670,2.84e-14,-1.14e-13,5.68e-13
671,6.11e-13,-3.41e-13,-1.14e-13
672,-1.05e-12,-1.09e-12,4.97e-13
673,-4.30e+02,-4.90e+02,1.41e+02
674,-2.84e-14,-6.82e-13,1.99e-13
675,-2.27e-13,1.36e-12,-2.84e-13
676,1.08e-12,1.21e-13,5.12e-13
677,-1.07e+03,-2.06e+02,3.58e+02
678,-5.68e-14,7.39e-13,1.14e-13
679,1.85e-12,4.55e-13,-6.82e-13
680,2.33e-12,-1.27e-12,1.65e-12
681,-1.17e+03,1.77e+02,4.05e+02
682,5.68e-14,0.00e+00,-5.68e-13
683,-6.82e-13,7.96e-13,-1.48e-12
684,-1.34e-12,1.42e-12,3.62e-13
685,-7.63e+02,3.78e+02,2.90e+02
686,5.60e-13,-1.36e-12,2.70e-13
687,1.29e-12,-4.90e-13,-3.34e-13
688,2.10e-13,1.28e-13,1.14e-13
689,-3.24e+02,3.14e+02,1.48e+02
690,-4.26e-14,8.46e-13,-8.53e-14
691,5.55e-15,1.42e-13,2.84e-14
692,-2.84e-14,7.82e-14,-1.42e-14
693,-9.26e+01,1.83e+02,6.35e+01
694,7.11e-15,-1.71e-13,-8.53e-14
695,-1.83e-13,-3.30e-13,-5.68e-14
696,3.55e-14,-1.78e-14,-4.26e-14
697,-3.62e+01,8.73e+01,3.50e+01
698,1.42e-14,7.99e-15,-1.42e-14
699,3.02e-14,8.70e-14,2.84e-14
700,7.11e-15,8.88e-15,-2.84e-14
701,-6.08e+01,4.24e+01,1.74e+01
702,-8.88e-15,-1.07e-14,-4.97e-14
703,3.55e-14,1.46e-13,1.42e-14
704,-2.13e-14,2.84e-14,-3.55e-14
705,5.00e+01,3.28e+01,-2.04e+01
706,-4.80e-14,2.84e-14,2.13e-14
707,2.13e-14,-1.42e-14,0.00e+00
708,1.42e-14,-2.84e-14,-2.84e-14
709,2.94e+01,6.29e+01,-4.00e+01
710,-7.11e-15,1.01e-13,0.00e+00
711,-5.33e-15,7.11e-15,0.00e+00
712,7.11e-15,1.65e-14,-1.42e-14
713,5.44e+01,1.17e+02,-6.66e+01
714,7.11e-15,-6.39e-14,1.42e-13
715,-6.39e-14,-2.13e-13,-5.68e-14
716,1.42e-14,7.46e-14,8.53e-14
717,1.76e+02,1.86e+02,-1.44e+02
718,9.24e-14,-2.70e-13,1.42e-13
719,4.44e-15,0.00e+00,5.68e-14
720,-1.42e-14,-1.07e-14,-1.42e-14
721,4.06e+02,2.12e+02,-2.75e+02
722,2.70e-13,2.56e-13,8.24e-13
723,1.10e-13,-1.71e-13,-2.84e-13
724,-9.95e-14,-9.77e-14,-8.53e-14
725,6.25e+02,9.93e+01,-3.86e+02
726,4.83e-13,-2.24e-13,3.98e-13
727,2.20e-13,-9.86e-14,2.27e-13
728,-4.26e-14,1.74e-13,-3.69e-13
729,5.77e+02,-1.18e+02,-3.44e+02
730,1.28e-13,1.28e-13,7.96e-13
731,-3.91e-13,-1.71e-13,1.14e-12
732,-7.11e-14,-8.53e-14,-4.41e-13
733,2.31e+02,-2.79e+02,-1.36e+02
734,-2.31e-13,-4.12e-13,-1.85e-13
735,-2.77e-13,-1.14e-13,-1.56e-13
736,9.24e-14,-1.85e-13,-2.98e-13
737,-2.31e+02,-2.79e+02,1.36e+02
738,1.07e-14,-1.42e-13,1.99e-13
739,-9.59e-14,8.53e-14,2.84e-14
740,1.28e-13,-1.67e-13,1.71e-13
741,-5.77e+02,-1.18e+02,3.44e+02
742,2.56e-13,3.34e-13,0.00e+00
743,-3.20e-13,9.24e-14,-2.27e-13
744,-2.27e-13,5.33e-14,3.41e-13
745,-6.25e+02,9.93e+01,3.86e+02
746,4.69e-13,-1.86e-13,5.68e-14
747,1.15e-12,3.38e-14,5.68e-14
748,-3.41e-13,5.33e-14,2.27e-13
749,-4.06e+02,2.12e+02,2.75e+02
750,-1.85e-13,-2.13e-14,-4.55e-13
751,3.64e-13,-1.21e-13,-1.71e-13
752,0.00e+00,-2.25e-13,-5.68e-14
753,-1.76e+02,1.86e+02,1.44e+02
754,-7.11e-14,3.41e-13,8.53e-14
755,2.22e-14,1.99e-13,-3.41e-13
756,-2.84e-14,-1.01e-13,5.68e-14
757,-5.44e+01,1.17e+02,6.66e+01
758,2.13e-14,-1.63e-13,-5.68e-14
759,-7.82e-14,-1.67e-13,-1.99e-13
760,5.68e-14,1.42e-14,5.68e-14
761,-2.94e+01,6.29e+01,4.00e+01
762,3.55e-15,1.23e-13,-4.26e-14
763,-1.07e-14,-7.99e-15,4.26e-14
764,-1.42e-14,-1.62e-13,1.42e-14
765,-5.00e+01,3.28e+01,2.04e+01
766,-2.66e-14,-7.11e-15,4.26e-14
767,2.49e-14,6.75e-14,-1.28e-13
768,-4.62e-14,1.01e-13,3.55e-14
769,3.90e+01,2.36e+01,-2.04e+01
770,-2.49e-14,-2.13e-14,5.68e-14
771,7.11e-15,-1.07e-14,8.53e-14
772,-1.78e-14,-1.78e-15,3.55e-14
773,2.26e+01,3.99e+01,-3.89e+01
774,0.00e+00,3.33e-15,-4.26e-14
775,2.49e-14,1.56e-13,-5.68e-14
776,-7.11e-15,-6.94e-14,1.42e-14
777,2.63e+01,6.51e+01,-5.68e+01
778,-7.11e-15,2.84e-14,-1.14e-13
779,6.39e-14,4.80e-14,-2.84e-14
780,-7.11e-15,-4.44e-15,5.68e-14
781,7.11e+01,8.91e+01,-1.05e+02
782,-5.68e-14,-5.68e-14,-3.41e-13
783,4.26e-14,1.10e-13,-5.68e-14
784,-7.82e-14,5.86e-14,-7.11e-14
785,1.55e+02,9.17e+01,-1.84e+02
786,1.14e-13,9.41e-14,-3.41e-13
787,1.33e-13,1.23e-13,0.00e+00
788,-9.24e-14,-5.86e-14,-5.68e-14
789,2.34e+02,3.93e+01,-2.45e+02
790,5.68e-14,-4.44e-14,4.55e-13
791,-1.27e-13,-8.17e-14,5.68e-13
792,1.71e-13,1.08e-13,-1.42e-13
793,2.16e+02,-5.20e+01,-2.15e+02
794,1.85e-13,0.00e+00,-3.41e-13
795,-1.90e-13,6.39e-14,1.14e-13
796,1.56e-13,-2.13e-14,-2.98e-13
797,8.63e+01,-1.19e+02,-8.55e+01
798,-3.55e-14,-2.20e-13,2.84e-14
799,-7.99e-14,-1.78e-13,1.42e-13
800,5.68e-14,6.04e-14,7.11e-15
801,-8.63e+01,-1.19e+02,8.55e+01
802,-1.19e-13,5.47e-13,-5.68e-14
803,2.85e-14,2.70e-13,-8.53e-14
804,8.88e-14,-7.82e-14,4.26e-14
805,-2.16e+02,-5.20e+01,2.15e+02
806,1.92e-13,-6.75e-14,-5.68e-13
807,-2.61e-13,7.11e-15,1.14e-13
808,1.42e-14,-2.31e-14,-8.53e-14
809,-2.34e+02,3.93e+01,2.45e+02
810,1.71e-13,-4.62e-14,-6.82e-13
811,-6.22e-14,6.57e-14,-4.55e-13
812,-2.84e-14,2.31e-14,-2.42e-13
813,-1.55e+02,9.17e+01,1.84e+02
814,3.55e-14,-1.14e-13,2.84e-13
815,3.73e-14,1.42e-13,0.00e+00
816,-1.42e-14,2.49e-14,1.42e-14
817,-7.11e+01,8.91e+01,1.05e+02
818,-3.55e-15,-1.21e-13,2.56e-13
819,2.13e-14,-7.11e-15,8.53e-14
820,-3.29e-14,-2.13e-14,-4.97e-14
821,-2.63e+01,6.51e+01,5.68e+01
822,-1.60e-14,-3.73e-14,-3.91e-14
823,-1.07e-14,1.46e-13,-1.21e-13
824,-1.24e-14,1.09e-13,-2.26e-14
825,-2.26e+01,3.99e+01,3.89e+01
826,5.55e-15,-2.93e-14,1.07e-13
827,-1.78e-15,1.64e-14,8.70e-14
828,4.72e-15,-1.06e-13,-3.33e-14
829,-3.90e+01,2.36e+01,2.04e+01
830,3.28e-15,-2.38e-14,-3.02e-14
831,-3.86e-14,-2.89e-14,-9.59e-14
832,1.33e-14,-3.55e-15,-3.73e-14
833,3.04e+01,1.66e+01,-1.81e+01
834,-2.18e-14,-2.26e-14,-3.82e-14
835,2.11e-14,3.97e-14,-2.13e-14
836,-1.04e-14,-2.16e-15,1.78e-14
837,1.90e+01,2.36e+01,-3.39e+01
838,-2.04e-14,-1.02e-14,4.00e-14
839,4.44e-15,7.11e-14,5.51e-14
840,-4.88e-15,-2.49e-14,-1.33e-14
841,1.28e+01,3.32e+01,-4.29e+01
842,-1.78e-15,-4.97e-14,1.69e-14
843,2.49e-14,2.49e-14,3.46e-14
844,-3.02e-14,3.55e-15,-1.87e-14
845,2.29e+01,3.80e+01,-6.63e+01
846,-1.42e-14,1.78e-14,1.95e-14
847,0.00e+00,7.82e-14,7.19e-14
848,1.42e-14,4.44e-15,6.66e-14
849,4.20e+01,3.22e+01,-9.76e+01
850,-4.26e-14,-7.11e-15,2.03e-13
851,-2.13e-14,3.55e-14,-6.04e-14
852,-2.13e-14,1.51e-14,2.13e-14
853,5.85e+01,1.01e+01,-1.19e+02
854,-1.42e-14,-1.23e-13,-1.17e-13
855,-1.71e-13,-1.15e-13,6.39e-14
856,7.11e-15,4.66e-15,8.53e-14
857,5.24e+01,-2.10e+01,-1.01e+02
858,7.11e-15,4.97e-14,-2.49e-14
859,9.95e-14,1.42e-14,-4.97e-14
860,3.55e-14,3.38e-14,-4.26e-14
861,2.08e+01,-4.34e+01,-3.93e+01
862,-1.42e-14,0.00e+00,9.41e-14
863,4.26e-14,4.97e-14,8.88e-15
864,3.55e-15,-3.55e-15,1.78e-14
865,-2.08e+01,-4.34e+01,3.93e+01
866,-7.11e-15,1.92e-13,2.22e-14
867,7.11e-15,1.07e-13,-5.33e-15
868,7.11e-15,-9.24e-14,-1.24e-14
869,-5.24e+01,-2.10e+01,1.01e+02
870,2.84e-14,-1.42e-13,-3.55e-15
871,-5.68e-14,1.78e-14,-6.75e-14
872,-2.84e-14,8.88e-16,6.04e-14
873,-5.85e+01,1.01e+01,1.19e+02
874,2.13e-14,2.66e-14,6.22e-14
875,-1.07e-13,-3.55e-15,3.09e-13
876,-1.14e-13,1.35e-14,2.20e-13
877,-4.20e+01,3.22e+01,9.76e+01
878,6.39e-14,-2.13e-14,-2.08e-13
879,-2.13e-14,-3.91e-14,2.49e-13
880,0.00e+00,4.88e-14,4.26e-14
881,-2.29e+01,3.80e+01,6.63e+01
882,-3.55e-15,-6.75e-14,-1.43e-13
883,2.49e-14,-2.84e-14,1.17e-13
884,2.13e-14,-1.51e-14,1.10e-13
885,-1.28e+01,3.32e+01,4.29e+01
886,-1.78e-15,-4.44e-14,8.08e-14
887,7.11e-15,2.84e-14,-1.51e-14
888,5.33e-15,7.73e-14,1.69e-14
889,-1.90e+01,2.36e+01,3.39e+01
890,8.44e-15,4.31e-14,3.91e-14
891,-5.33e-15,3.11e-14,4.26e-14
892,1.38e-14,2.44e-14,4.97e-14
893,-3.04e+01,1.66e+01,1.81e+01
894,-2.33e-14,2.22e-15,-7.02e-14
895,-1.64e-14,2.07e-14,5.86e-14
896,9.33e-15,2.79e-14,1.42e-14
897,2.91e+01,1.38e+01,-1.35e+01
898,1.64e-14,5.11e-15,2.62e-14
899,2.99e-14,1.72e-14,1.87e-14
900,1.11e-15,-3.75e-15,-2.66e-14
901,2.61e+01,1.51e+01,-2.50e+01
902,8.88e-16,-2.95e-14,0.00e+00
903,1.11e-15,7.99e-15,-9.19e-14
904,-2.22e-16,-1.50e-14,-1.95e-14
905,1.78e+01,1.82e+01,-2.83e+01
906,-1.07e-14,2.58e-14,-2.66e-14
907,4.44e-16,-6.04e-14,-7.11e-14
908,1.07e-14,-8.88e-16,-7.11e-15
909,1.65e+01,1.68e+01,-3.74e+01
910,1.07e-14,-3.20e-14,-4.62e-14
911,-2.75e-14,3.55e-15,-7.99e-15
912,1.07e-14,4.44e-15,-8.35e-14
913,1.69e+01,1.02e+01,-4.70e+01
914,7.11e-15,0.00e+00,2.13e-13
915,4.09e-14,-6.39e-14,-9.77e-14
916,0.00e+00,-2.49e-14,-1.37e-13
917,1.55e+01,-1.56e+00,-4.88e+01
918,2.13e-14,-1.49e-14,3.55e-14
919,-6.39e-14,3.15e-14,1.78e-13
920,4.26e-14,1.55e-14,-9.41e-14
921,1.13e+01,-1.46e+01,-3.78e+01
922,3.55e-15,5.33e-15,2.13e-14
923,1.60e-14,7.11e-15,-2.49e-14
924,3.91e-14,-2.62e-14,1.95e-14
925,4.20e+00,-2.33e+01,-1.44e+01
926,-7.99e-15,-9.95e-14,5.51e-14
927,-8.88e-15,2.84e-14,-2.04e-14
928,8.88e-16,-3.73e-14,-1.55e-14
929,-4.20e+00,-2.33e+01,1.44e+01
930,-8.88e-16,3.55e-15,-3.38e-14
931,-7.11e-15,2.13e-14,-2.75e-14
932,5.33e-15,1.51e-14,8.88e-15
933,-1.13e+01,-1.46e+01,3.78e+01
934,1.78e-14,5.33e-15,-1.07e-14
935,-1.60e-14,3.73e-14,5.68e-14
936,-4.62e-14,-1.60e-14,5.33e-15
937,-1.55e+01,-1.56e+00,4.88e+01
938,1.42e-14,2.84e-14,-1.07e-13
939,-7.11e-15,-3.53e-14,-1.42e-14
940,-1.42e-14,-6.33e-15,1.78e-13
941,-1.69e+01,1.02e+01,4.70e+01
942,-3.55e-15,-1.78e-14,1.56e-13
943,3.55e-15,3.55e-15,-1.14e-13
944,-1.78e-14,2.26e-14,-3.02e-14
945,-1.65e+01,1.68e+01,3.74e+01
946,-1.78e-15,-1.42e-14,5.33e-14
947,8.88e-16,-1.42e-14,-3.55e-14
948,-1.24e-14,8.88e-16,-8.88e-14
949,-1.78e+01,1.82e+01,2.83e+01
950,-1.69e-14,3.55e-15,1.78e-14
951,-4.44e-15,-5.33e-14,1.07e-13
952,1.24e-14,1.64e-14,-7.11e-14
953,-2.61e+01,1.51e+01,2.50e+01
954,-8.66e-15,7.99e-15,-6.04e-14
955,-1.40e-14,-1.33e-15,1.69e-13
956,9.99e-15,1.41e-14,-5.15e-14
957,-2.91e+01,1.38e+01,1.35e+01
958,-2.00e-15,-2.39e-14,-3.33e-14
959,-1.61e-14,-1.03e-14,-4.44e-14
960,-2.22e-15,-9.91e-15,-2.66e-15
961,2.43e+01,7.98e+00,-1.07e+01
962,-1.78e-14,2.38e-14,2.66e-15
963,-1.95e-14,8.88e-16,-5.28e-14
964,1.24e-14,2.22e-16,1.15e-14
965,3.41e+01,6.53e+00,-1.85e+01
966,-3.91e-14,4.11e-15,-2.31e-14
967,-7.11e-15,4.61e-15,1.51e-14
968,-2.93e-14,-4.39e-15,3.46e-14
969,3.09e+01,7.42e+00,-1.82e+01
970,3.55e-14,-1.24e-14,-2.22e-14
971,-2.13e-14,-1.69e-14,2.98e-14
972,-1.78e-15,4.44e-16,2.13e-14
973,3.09e+01,6.13e+00,-2.03e+01
974,1.78e-14,-1.78e-15,-1.02e-14
975,0.00e+00,5.33e-15,-3.55e-15
976,1.24e-14,-8.88e-16,-2.31e-14
977,3.03e+01,2.24e+00,-2.20e+01
978,-7.11e-15,-1.33e-14,8.88e-15
979,-1.42e-14,7.55e-15,4.26e-14
980,-5.33e-15,3.33e-15,3.20e-14
981,2.66e+01,-3.73e+00,-2.10e+01
982,2.13e-14,8.88e-16,1.24e-14
983,0.00e+00,0.00e+00,-1.15e-13
984,3.55e-15,1.07e-14,1.78e-15
985,1.85e+01,-9.85e+00,-1.54e+01
986,-3.20e-14,3.55e-15,-7.82e-14
987,-2.13e-14,-1.78e-14,3.02e-14
988,3.38e-14,-1.07e-14,-2.58e-14
989,6.62e+00,-1.37e+01,-5.65e+00
990,-3.55e-15,-2.13e-14,0.00e+00
991,-2.66e-15,4.97e-14,-1.69e-14
992,1.33e-15,2.49e-14,-4.44e-15
993,-6.62e+00,-1.37e+01,5.65e+00
994,5.33e-15,-2.84e-14,-5.33e-15
995,-4.44e-15,-6.04e-14,-2.66e-15
996,4.44e-15,-1.60e-14,-4.00e-15
997,-1.85e+01,-9.85e+00,1.54e+01
998,0.00e+00,-1.78e-15,2.66e-14
999,-1.60e-14,1.78e-14,-3.20e-14
1000,1.24e-14,3.73e-14,-5.86e-14
1001,-2.66e+01,-3.73e+00,2.10e+01
1002,-1.07e-14,-1.11e-14,2.13e-14
1003,2.84e-14,2.66e-15,-1.78e-15
1004,1.42e-14,3.20e-14,3.73e-14
1005,-3.03e+01,2.25e+00,2.20e+01
1006,-1.42e-14,-1.15e-14,-8.88e-15
1007,-5.68e-14,4.44e-15,-2.66e-14
1008,7.11e-15,-6.44e-15,2.22e-14
1009,-3.09e+01,6.13e+00,2.03e+01
1010,-2.13e-14,-2.31e-14,4.88e-15
1011,4.62e-14,-2.13e-14,-1.07e-14
1012,-1.42e-14,7.11e-15,3.20e-14
1013,-3.09e+01,7.42e+00,1.82e+01
1014,-1.07e-14,-9.77e-15,1.33e-15
1015,4.62e-14,-2.75e-14,-6.71e-14
1016,-7.11e-15,-1.07e-14,5.86e-14
1017,-3.41e+01,6.53e+00,1.85e+01
1018,-2.49e-14,-3.89e-15,5.33e-15
1019,2.13e-14,6.61e-14,-5.37e-14
1020,7.99e-15,-6.33e-15,1.78e-15
1021,-2.43e+01,7.98e+00,1.07e+01
1022,4.26e-14,-1.33e-14,-2.66e-15
1023,-7.11e-15,2.66e-14,-1.33e-15
1024,1.42e-14,3.44e-15,-6.22e-15
1026,2.02e-12,4.21e-12,-1.14e-12
1027,-2.90e-12,1.48e-12,-4.55e-13
1028,1.06e-12,-3.75e-12,-2.27e-12
1029,9.95e-13,-1.09e-11,-7.96e-12
1030,5.51e-12,-7.73e-12,-3.18e-12
1031,-9.36e-12,-3.75e-12,-5.23e-12
1032,-4.35e-12,-1.25e-11,6.82e-13
1033,1.10e-11,2.23e-11,2.27e-12
1034,1.69e-12,2.89e-11,-1.00e-11
1035,-8.70e-12,-2.21e-11,-1.13e-11
1036,-8.06e-12,2.63e-11,7.96e-12
1037,-1.31e-11,-3.57e-11,-1.59e-12
1038,-5.32e-12,-2.27e-11,-3.27e-11
1039,-8.19e-12,-1.62e-11,5.12e-13
1040,5.24e-12,-7.67e-11,1.43e-11
1041,1.01e-11,3.27e-13,1.25e-11
1042,-6.19e-12,-4.98e-11,-4.28e-11
1043,4.82e-12,-4.83e-11,-4.13e-11
1045,4.38e-12,-1.62e-12,4.77e-12
1046,-4.60e-12,-2.27e-13,4.32e-12
1047,-3.90e-12,-1.71e-12,-2.73e-12
1048,4.35e-12,2.72e-11,-3.64e-12
1049,1.78e-11,-3.18e-12,8.41e-12
1050,8.78e-12,-2.27e-11,-4.09e-12
1051,5.68e-12,-3.85e-11,5.46e-12
1052,-6.38e-12,-3.04e-11,-5.91e-12
1053,-5.50e-12,-3.20e-11,7.16e-12
1054,-2.44e-11,8.99e-11,-2.84e-12
1055,1.78e-11,1.99e-11,9.09e-13
1056,1.50e-11,2.90e-11,-3.51e-11
1057,-7.39e-12,8.84e-12,-1.85e-11
1058,1.43e-11,-1.14e-12,2.07e-11
1059,1.06e-11,1.16e-10,1.09e-11
1060,1.05e-11,1.04e-10,-9.52e-12
1061,2.87e-12,1.42e-10,3.43e-11
1062,-1.17e-11,-9.84e-12,6.85e-12
1064,-2.70e-13,-2.84e-13,9.09e-13
1065,3.48e-13,3.69e-12,1.02e-12
1066,-2.23e-12,3.98e-13,3.64e-12
1067,2.29e-13,-1.10e-11,3.87e-12
1068,-4.51e-13,6.82e-13,5.68e-14
1069,2.72e-12,2.67e-11,1.19e-12
1070,4.43e-12,-2.99e-11,-1.93e-12
1071,4.86e-12,-4.04e-11,4.15e-12
1072,4.03e-12,-6.08e-11,1.06e-11
1073,-8.63e-12,-9.42e-11,5.68e-12
1074,3.95e-12,6.07e-11,9.41e-12
1075,9.01e-12,5.16e-11,-4.95e-12
1076,-1.59e-11,1.22e-11,1.36e-11
1077,2.06e-12,-4.75e-11,-3.44e-11
1078,9.13e-12,-9.86e-11,-1.73e-11
1079,4.04e-12,-7.36e-11,-2.49e-11
1080,3.91e-12,7.95e-11,-1.34e-11
1081,1.22e-12,1.55e-11,-1.02e-11
1083,1.56e-13,1.71e-12,6.82e-13
1084,-1.27e-12,1.02e-11,-7.96e-13
1085,-1.44e-12,4.21e-12,6.82e-13
1086,-7.71e-13,-3.01e-11,3.18e-12
1087,-1.21e-12,1.69e-11,1.19e-12
1088,8.95e-13,4.55e-12,-2.44e-12
1089,5.39e-12,-6.11e-11,8.53e-13
1090,-6.99e-12,2.90e-11,1.51e-11
1091,8.94e-12,8.09e-11,3.75e-12
1092,3.79e-12,1.93e-11,-2.06e-11
1093,1.69e-12,8.84e-11,1.01e-11
1094,-2.04e-12,-3.06e-11,-3.81e-12
1095,1.81e-12,-2.07e-11,-3.64e-12
1096,6.83e-12,9.48e-11,-1.16e-11
1097,5.46e-12,7.91e-11,8.77e-12
1098,4.85e-12,-7.33e-11,7.82e-13
1099,-4.87e-12,1.63e-10,-2.84e-12
1100,-9.38e-13,5.85e-11,2.83e-11
1102,4.43e-12,-3.89e-12,4.55e-12
1103,2.54e-12,-4.15e-12,2.05e-12
1104,3.38e-12,5.68e-12,-3.41e-12
1105,2.43e-12,1.99e-11,-7.28e-12
1106,4.72e-12,-7.39e-12,-7.73e-12
1107,-5.22e-12,-1.25e-12,7.05e-12
1108,-2.25e-12,2.39e-12,7.28e-12
1109,9.71e-12,-3.41e-11,1.73e-11
1110,1.54e-12,-2.98e-12,-4.43e-12
1111,3.52e-12,1.03e-10,-6.82e-13
1112,1.07e-11,-4.91e-11,-1.18e-11
1113,-9.19e-12,1.06e-10,-9.89e-12
1114,-1.42e-11,-1.18e-10,2.96e-12
1115,-6.92e-12,9.28e-11,5.34e-12
1116,3.66e-12,-1.90e-10,3.41e-13
1117,-7.22e-12,5.09e-11,2.60e-11
1118,7.20e-12,-1.73e-10,2.86e-11
1119,-3.07e-12,-5.58e-11,2.39e-11
1121,1.62e-12,-1.82e-12,2.96e-12
1122,4.14e-12,-1.93e-12,-2.27e-13
1123,-3.58e-12,-7.28e-12,-2.27e-13
1124,7.15e-12,-9.21e-12,-2.50e-12
1125,-1.71e-13,1.28e-11,2.27e-12
1126,-7.49e-12,2.89e-11,-6.82e-12
1127,1.13e-11,-2.07e-11,-1.02e-11
1128,3.97e-12,2.67e-11,-1.73e-11
1129,1.79e-11,3.50e-11,-7.05e-12
1130,-8.37e-12,-4.41e-11,8.64e-12
1131,-3.93e-12,2.78e-11,-1.07e-11
1132,9.29e-12,-5.46e-12,-5.34e-12
1133,2.61e-12,-1.01e-10,2.18e-11
1134,3.56e-12,-3.04e-11,-1.79e-11
1135,2.96e-12,3.85e-11,2.04e-11
1136,2.56e-13,-1.10e-10,4.93e-11
1137,4.05e-11,2.27e-11,-2.17e-11
1138,-6.00e-12,-1.67e+03,1.78e-11
1140,-1.48e-12,8.64e-12,-5.68e-14
1141,-3.35e-12,5.23e-12,2.27e-13
1142,-2.95e-12,-1.35e-11,-1.08e-12
1143,-4.26e-12,7.28e-12,1.59e-12
1144,-6.48e-12,1.07e-11,-1.09e-11
1145,-2.51e-11,-1.41e-11,-1.47e-11
1146,-4.82e-12,9.17e-11,-1.08e-11
1147,2.62e-11,-3.25e-11,-4.38e-12
1148,-7.13e-12,1.35e-11,-1.48e-12
1149,1.33e-11,-4.84e-11,-1.19e-12
1150,-4.24e-11,3.97e-11,-3.52e-12
1151,-3.86e-11,-1.01e-10,5.85e-12
1152,3.42e-12,-9.62e-11,2.10e-12
1153,-2.39e-11,6.49e-11,-5.10e-11
1154,4.26e-12,-1.64e-10,3.38e-11
1155,-2.31e-11,3.34e-11,1.84e-12
1156,3.53e-11,-1.49e-11,-7.07e-11
1157,-1.02e-12,1.65e-12,3.83e-12
1159,-6.25e-12,-5.00e-12,-3.52e-12
1160,-2.16e-11,2.76e-11,-3.77e-12
1161,-1.01e-11,2.05e-11,7.70e-12
1162,-3.13e-12,1.36e-12,1.16e-11
1163,-9.99e-12,-2.16e-12,3.75e-13
1164,-2.05e-12,2.69e-11,1.64e-11
1165,6.01e-12,-4.50e-11,-1.64e-11
1166,2.27e-13,-8.34e-11,1.86e-11
1167,-2.24e-11,-1.38e-10,6.41e-13
1168,2.92e-11,-1.24e-11,-2.19e-11
1169,1.03e-11,1.84e-10,1.24e-11
1170,-7.25e-12,2.13e-10,-2.08e-12
1171,2.31e-11,5.86e-11,-7.47e-12
1172,-6.82e-13,4.59e-11,3.45e-11
1173,8.44e-12,-1.14e-10,-4.98e-11
1174,2.65e-11,1.05e-10,-8.60e-12
1175,5.34e-11,-1.15e-10,2.14e-11
1176,3.63e-11,-6.96e-11,3.96e-11
1178,1.22e-12,2.84e-12,2.46e-12
1179,2.30e-12,-7.05e-12,-5.54e-13
1180,7.55e-12,-1.05e-11,3.57e-13
1181,6.04e-14,9.55e-12,-5.43e-12
1182,-3.46e-12,-5.68e-12,5.32e-12
1183,-3.87e-13,2.61e-11,6.80e-12
1184,1.02e-11,-7.73e-11,1.33e-11
1185,-6.17e-12,-1.11e-11,1.84e-11
1186,-1.27e-11,9.69e-11,2.58e-12
1187,-8.15e-12,-7.29e-11,4.14e-12
1188,-2.36e-11,5.45e-11,-8.38e-12
1189,8.60e-13,-1.30e-10,-4.46e-12
1190,-7.38e-12,1.97e-11,-6.17e-11
1191,7.68e-12,-2.61e-10,4.71e-11
1192,-3.59e-11,-1.68e-10,4.23e-11
1193,-2.68e-11,1.07e-10,-8.64e-12
1194,7.19e-12,-1.03e-10,6.47e-12
1195,-1.63e-11,-4.99e-12,-1.06e-11
1197,2.13e-12,7.96e-13,-7.96e-13
1198,-1.24e-12,-9.55e-12,-3.30e-12
1199,2.09e-12,-1.06e-11,1.41e-12
1200,-2.38e-12,8.41e-12,-3.79e-12
1201,-2.48e-12,-6.14e-12,-9.98e-12
1202,-5.76e-13,7.86e-11,4.41e-12
1203,-2.84e-12,3.64e-11,2.55e-11
1204,-4.96e-12,-1.97e-11,1.56e-11
1205,8.67e-12,-3.98e-12,1.46e-11
1206,-2.70e-13,3.99e-11,1.68e-11
1207,-8.42e-12,5.04e-11,8.38e-12
1208,7.82e-12,-7.00e-11,-4.72e-12
1209,-1.50e-12,-2.67e-11,-2.93e-11
1210,5.66e-12,9.81e-11,-1.35e-11
1211,-4.58e-12,5.48e-10,-5.33e-11
1212,-1.43e-11,1.66e-10,-1.49e-12
1213,1.86e-11,1.54e-10,-4.52e-11
1214,1.58e-11,1.85e-10,-3.36e-11
1216,-6.82e-13,3.18e-12,3.52e-12
1217,-7.67e-12,2.50e-12,-3.30e-12
1218,-9.73e-12,1.05e-11,-8.21e-13
1219,1.46e-12,1.48e-11,4.65e-12
1220,8.67e-12,3.31e-11,4.02e-12
1221,6.07e-12,-6.71e-12,1.29e-11
1222,-3.78e-11,-4.62e-11,-4.71e-12
1223,-3.61e-11,1.91e-11,5.61e-12
1224,4.12e-12,-5.30e-11,2.19e-11
1225,5.95e-12,3.97e-11,-7.28e-12
1226,9.35e-12,-1.86e-10,-1.55e-11
1227,2.98e-11,-1.81e-10,3.41e-12
1228,-4.64e-11,3.07e-11,-5.04e-11
1229,-1.41e-11,-6.56e-11,-1.39e-11
1230,-6.95e-12,3.00e-11,-1.75e-11
1231,-4.13e-11,-1.66e-10,-2.48e-11
1232,3.23e-11,-4.12e-10,4.04e-11
1233,-5.17e-12,-1.51e-11,-4.75e-12
1235,1.53e-12,-3.07e-12,2.39e-12
1236,-5.44e-13,-3.52e-12,-2.27e-13
1237,8.03e-12,-1.53e-11,2.96e-12
1238,-4.43e-12,-1.06e-11,8.70e-12
1239,1.20e-11,-5.68e-12,9.09e-13
1240,4.41e-13,-4.87e-11,-7.79e-12
1241,-5.31e-12,-1.86e-11,3.98e-12
1242,1.23e-11,9.89e-12,3.13e-12
1243,1.37e-11,-4.14e-11,-2.60e-11
1244,1.37e-11,6.61e-11,-1.84e-11
1245,-4.74e-11,8.61e-11,9.49e-12
1246,1.53e-11,3.89e-11,-2.03e-11
1247,2.59e-11,-1.06e-10,5.41e-11
1248,-4.75e-11,-7.68e-11,2.32e-11
1249,-9.32e-12,1.14e-11,2.51e-11
1250,5.30e-11,-7.56e-11,1.87e-11
1251,-2.07e-11,6.71e-11,-3.50e-12
1252,-4.60e-12,-1.67e+03,-1.73e-11
1254,5.46e-12,1.42e-12,1.69e-12
1255,8.38e-12,-3.87e-12,1.73e-12
1256,-5.73e-12,-2.05e-12,5.83e-13
1257,2.13e-14,2.59e-11,-3.87e-12
1258,6.25e-13,5.34e-12,-9.04e-12
1259,-5.98e-12,-1.15e-11,-5.60e-12
1260,-5.20e-12,-3.56e-11,-3.74e-12
1261,1.12e-11,9.19e-11,2.03e-12
1262,-2.90e-12,-2.39e-12,-4.55e-13
1263,-9.76e-12,5.04e-11,-1.07e-11
1264,-4.02e-11,-8.23e-11,1.21e-11
1265,1.29e-11,-7.47e-11,-5.60e-12
1266,-6.57e-12,1.99e-10,-1.47e-11
1267,-1.01e-11,-1.05e-10,2.17e-11
1268,2.59e-11,1.11e-10,-1.60e-11
1269,4.79e-12,-1.32e-10,-2.75e-11
1270,8.17e-12,5.88e-11,1.79e-11
1271,1.27e-11,4.01e-11,-6.20e-12
1273,-1.71e-12,-4.55e-12,-1.66e-12
1274,2.53e-12,-1.82e-12,-2.70e-13
1275,-2.37e-11,1.01e-11,-8.14e-13
1276,3.36e-12,9.32e-12,1.21e-12
1277,-2.20e-11,1.65e-11,-1.92e-12
1278,1.28e-13,2.93e-11,-8.87e-12
1279,-2.44e-11,1.36e-10,-2.11e-12
1280,4.52e-11,-3.18e-11,-1.56e-11
1281,3.12e-11,6.66e-11,5.11e-12
1282,1.91e-11,-9.85e-11,-6.74e-12
1283,-4.43e-11,-9.07e-11,-1.49e-11
1284,5.56e-11,-9.45e-11,-1.22e-11
1285,-6.98e-12,-2.32e-10,3.04e-11
1286,1.89e-12,5.46e-12,3.59e-11
1287,-2.93e-11,3.98e-10,-2.03e-12
1288,2.83e-11,-3.55e-13,-2.31e-11
1289,2.54e-11,-1.09e-10,-4.80e-11
1290,-2.55e-11,-3.74e-11,5.17e-12
1292,-1.59e-12,-4.04e-12,4.76e-13
1293,3.15e-12,-1.53e-11,-2.84e-12
1294,-1.14e-12,-1.09e-11,-2.50e-12
1295,-3.51e-12,-5.05e-11,-4.39e-12
1296,2.27e-12,-1.11e-11,-4.09e-12
1297,1.62e-11,-1.22e-11,7.53e-12
1298,1.78e-11,2.80e-11,4.14e-12
1299,-4.09e-13,-9.08e-11,-9.54e-12
1300,6.85e-12,-4.18e-11,6.05e-12
1301,2.51e-11,2.05e-10,-5.12e-12
1302,-2.18e-11,-2.61e-10,-3.21e-11
1303,2.25e-11,5.06e-11,-1.53e-11
1304,-3.55e-11,2.85e-10,2.01e-11
1305,-1.45e-11,2.17e-10,-1.68e-11
1306,-1.03e-11,-6.12e-11,3.52e-12
1307,5.59e-12,1.56e-10,3.35e-11
1308,-5.52e-12,-3.21e-10,3.25e-11
1309,-2.57e-11,-4.78e-11,-3.36e-12
1311,2.84e-13,2.84e-12,7.50e-13
1312,5.46e-12,-4.55e-12,-3.66e-13
1313,-2.52e-12,-7.96e-12,-1.03e-12
1314,2.17e-12,3.44e-11,-5.86e-14
1315,-5.72e-12,-3.64e-12,4.31e-12
1316,1.01e-11,-1.96e-11,5.16e-12
1317,8.33e-12,-2.32e-11,1.42e-11
1318,-9.74e-12,-3.75e-11,-2.15e-11
1319,-4.99e-12,7.10e-11,1.94e-12
1320,-1.00e-12,2.14e-11,7.63e-12
1321,7.07e-12,1.54e-11,2.15e-11
1322,2.86e-11,-2.34e-10,-1.25e-11
1323,-2.83e-11,6.32e-11,-4.36e-11
1324,-8.25e-12,-1.28e-10,4.36e-11
1325,-2.54e-11,3.91e-10,5.12e-11
1326,-6.35e-12,1.15e-10,-4.03e-11
1327,3.12e-11,1.94e-10,5.07e-11
1328,-1.78e-11,-2.04e-10,1.98e-11
1330,6.82e-13,1.11e-11,-1.27e-12
1331,-4.43e-12,-7.73e-12,5.12e-13
1332,-5.83e-13,4.55e-12,-2.59e-13
1333,8.48e-12,-2.16e-11,1.70e-12
1334,-1.82e-11,2.73e-12,9.96e-12
1335,-1.05e-11,5.26e-11,-2.35e-12
1336,-1.01e-11,1.89e-11,2.23e-13
1337,7.46e-12,1.51e-10,1.61e-11
1338,-2.00e-11,-2.21e-11,1.18e-11
1339,-6.24e-12,-1.80e-10,1.13e-11
1340,1.08e-11,5.30e-11,3.07e-11
1341,-1.02e-12,2.71e-10,1.16e-11
1342,8.41e-12,4.52e-10,2.39e-11
1343,-4.50e-12,3.07e-10,-3.00e-11
1344,-7.38e-12,-4.11e-11,-5.98e-12
1345,-2.66e-11,9.83e-11,3.99e-11
1346,-1.00e-11,-4.49e-10,3.92e-11
1347,-2.28e-11,1.46e-10,9.15e-12
1349,5.46e-12,3.98e-13,2.84e-14
1350,-8.90e-12,1.48e-12,-9.38e-13
1351,8.16e-12,1.30e-11,1.15e-12
1352,1.10e-11,-2.43e-11,2.27e-12
1353,-6.11e-12,1.98e-11,-4.63e-12
1354,8.95e-13,-3.50e-11,8.31e-12
1355,8.31e-12,-1.86e-11,2.66e-12
1356,-3.85e-11,2.29e-11,1.23e-11
1357,4.95e-11,-2.84e-11,1.79e-12
1358,1.32e-11,-3.31e-11,-2.78e-11
1359,-4.98e-11,2.23e-11,4.35e-12
1360,2.28e-12,4.02e-11,1.35e-11
1361,1.93e-11,-8.19e-11,4.21e-12
1362,3.39e-11,-1.16e-10,1.45e-11
1363,-3.31e-11,1.41e-11,-1.33e-11
1364,9.89e-12,-2.06e-11,2.11e-11
1365,-1.71e-13,-2.50e-11,-6.66e-12
1366,2.32e-11,-1.67e+03,-8.31e-13
1368,2.27e-13,-3.92e-12,-2.27e-13
1369,-1.18e-11,-9.78e-12,2.79e-12
1370,-3.03e-12,6.37e-12,-2.03e-12
1371,-5.66e-12,2.73e-11,-3.95e-12
1372,4.26e-12,-4.09e-12,-4.38e-12
1373,3.28e-11,-3.59e-11,-5.80e-12
1374,1.60e-11,2.43e-11,-1.61e-12
1375,-3.88e-11,-2.32e-11,3.33e-12
1376,-1.47e-11,-1.42e-11,3.88e-12
1377,3.25e-11,-5.21e-11,8.17e-12
1378,8.22e-12,-4.55e-11,-5.83e-12
1379,-3.73e-11,1.68e-10,-5.81e-12
1380,-8.94e-12,1.76e-10,-5.10e-11
1381,8.91e-12,3.12e-11,-3.80e-11
1382,2.17e-11,-1.91e-10,-2.73e-11
1383,2.77e-11,-8.57e-11,9.82e-12
1384,-2.62e-11,-7.39e-11,1.33e-11
1385,9.25e-12,-1.02e-10,-2.20e-11
1387,-6.37e-12,-7.96e-13,-2.84e-14
1388,5.31e-12,7.62e-12,8.24e-13
1389,1.11e-11,-4.89e-12,-5.16e-12
1390,1.03e-11,1.07e-11,-1.01e-12
1391,-2.14e-11,-3.12e-11,-1.66e-12
1392,2.01e-11,4.10e-11,2.81e-12
1393,-2.77e-12,-3.18e-12,-1.87e-11
1394,-1.13e-11,-8.53e-12,-1.49e-11
1395,-2.88e-11,-1.63e-10,-2.07e-11
1396,1.71e-11,1.77e-10,-2.93e-11
1397,-3.01e-11,-1.37e-11,1.69e-11
1398,6.89e-11,-4.46e-11,1.23e-11
1399,-7.11e-13,-1.13e-10,-1.85e-11
1400,1.68e-11,-1.21e-10,1.46e-11
1401,-4.07e-11,1.11e-10,5.29e-12
1402,3.04e-11,4.29e-10,6.54e-11
1403,8.70e-11,-2.15e-10,-3.78e-11
1404,2.97e-11,2.01e-11,-3.24e-11
1406,4.26e-13,-1.48e-12,7.11e-15
1407,-2.98e-12,-8.64e-12,8.88e-14
1408,8.02e-12,8.07e-12,-7.70e-13
1409,-4.00e-12,1.93e-11,1.14e-12
1410,4.71e-12,3.37e-11,-4.55e-12
1411,-3.50e-12,6.67e-11,-4.59e-12
1412,-1.35e-11,7.62e-11,-3.45e-12
1413,-1.02e-11,-6.31e-11,1.74e-11
1414,-1.69e-11,8.41e-11,6.07e-12
1415,1.76e-11,-1.54e-10,1.40e-11
1416,-3.40e-11,2.63e-11,2.85e-11
1417,1.87e-11,-1.25e-10,2.47e-11
1418,3.91e-12,4.96e-11,2.94e-11
1419,2.13e-11,1.39e-10,-2.06e-11
1420,1.20e-11,-1.85e-10,1.60e-11
1421,9.00e-12,1.34e-10,-2.82e-11
1422,-6.13e-12,-3.04e-10,-8.13e-12
1423,-1.10e-11,-1.88e-11,6.57e-12
1425,2.33e-12,-8.24e-12,2.63e-13
1426,2.44e-12,5.68e-12,1.88e-13
1427,8.06e-13,-1.25e-11,-5.26e-12
1428,6.59e-12,4.96e-11,-7.43e-12
1429,1.05e-11,9.80e-11,4.23e-12
1430,-5.38e-12,8.33e-11,8.51e-12
1431,-1.04e-11,-3.18e-11,-1.37e-11
1432,5.54e-12,-4.14e-11,3.00e-11
1433,1.99e-13,-2.56e-11,-2.78e-12
1434,1.71e-12,-3.24e-12,-9.44e-12
1435,-1.16e-11,-1.07e-11,1.76e-11
1436,-2.83e-11,-9.08e-11,1.93e-11
1437,1.80e-11,-1.46e-10,6.60e-12
1438,-2.96e-12,-1.03e-10,5.94e-11
1439,9.76e-12,1.32e-10,-5.60e-11
1440,1.45e-11,3.32e-11,1.31e-11
1441,-7.73e-12,1.49e-10,-8.25e-11
1442,-1.88e-11,2.93e-10,-2.54e-12
1444,-2.05e-12,6.25e-13,1.41e-12
1445,7.84e-12,6.82e-12,-3.69e-13
1446,-1.34e-11,-3.41e-13,-8.10e-13
1447,1.17e-11,3.15e-11,-2.33e-12
1448,1.18e-11,5.00e-12,-2.01e-12
1449,-7.19e-12,8.99e-11,-1.20e-11
1450,-1.39e-11,-3.31e-11,-1.96e-11
1451,1.55e-11,6.05e-11,-3.08e-12
1452,1.46e-11,-2.27e-12,-1.99e-11
1453,4.09e-11,-1.17e-10,-4.02e-12
1454,3.75e-11,-7.49e-11,-1.26e-11
1455,2.27e-11,5.02e-11,2.91e-11
1456,-6.37e-11,2.49e-10,5.50e-11
1457,2.13e-11,9.26e-11,4.53e-12
1458,6.10e-12,-1.64e-10,1.42e-11
1459,-3.15e-11,5.21e-10,-3.41e-11
1460,1.27e-11,1.67e-10,-2.07e-11
1461,-6.50e-11,7.09e-11,3.28e-11
1463,-3.13e-12,-6.20e-12,-2.13e-12
1464,6.88e-12,1.82e-12,8.81e-13
1465,-1.94e-11,4.66e-12,7.93e-12
1466,-1.49e-11,-1.61e-11,5.12e-13
1467,-1.49e-12,1.90e-11,-1.99e-12
1468,1.88e-11,3.87e-12,8.94e-12
1469,-5.08e-12,-1.27e-11,3.10e-12
1470,-7.11e-14,-9.16e-11,8.36e-12
1471,-2.16e-11,-5.71e-11,1.55e-12
1472,-3.51e-11,-5.50e-11,1.35e-11
1473,6.45e-11,4.21e-11,3.52e-12
1474,1.95e-12,-7.33e-11,2.16e-12
1475,1.88e-11,3.75e-11,-1.58e-11
1476,1.80e-11,3.19e-11,6.30e-12
1477,-1.80e-11,6.41e-11,3.12e-12
1478,-1.61e-11,-1.30e-11,2.11e-12
1479,-1.36e-12,-3.19e-11,5.68e-11
1480,2.95e-11,-1.67e+03,-1.42e-11
1482,2.33e-12,4.55e-13,-2.84e-13
1483,7.77e-12,9.09e-12,3.98e-12
1484,-1.37e-11,-1.81e-11,3.07e-12
1485,-1.03e-11,2.39e-11,6.59e-12
1486,-4.06e-12,-3.52e-11,-9.09e-13
1487,1.41e-11,1.59e-12,2.10e-12
1488,-6.65e-12,-1.52e-11,-1.03e-11
1489,1.07e-11,1.27e-11,-4.60e-12
1490,-2.84e-11,7.84e-12,8.24e-12
1491,-2.51e-12,-3.44e-11,5.68e-14
1492,-7.70e-11,-2.81e-11,9.98e-12
1493,-2.12e-11,1.11e-10,-3.17e-11
1494,-3.70e-11,-4.55e-12,1.38e-11
1495,3.27e-11,-1.71e-13,-1.17e-11
1496,1.48e-11,-2.60e-11,8.49e-12
1497,1.47e-11,-3.13e-11,1.49e-11
1498,-1.75e-11,-2.11e-10,9.49e-13
1499,-2.41e-11,-9.53e-11,2.60e-11
1501,6.03e-12,5.91e-12,-6.82e-13
1502,-1.07e-12,6.37e-12,1.38e-12
1503,-3.50e-12,9.09e-12,-1.19e-12
1504,1.12e-11,-6.82e-13,-1.27e-11
1505,2.72e-11,3.18e-12,-4.35e-12
1506,8.24e-12,5.66e-11,7.00e-12
1507,1.99e-11,-6.55e-11,1.14e-11
1508,-3.54e-12,-6.43e-11,3.01e-12
1509,1.37e-11,7.62e-11,3.51e-11
1510,9.41e-11,2.46e-11,-5.23e-13
1511,-3.70e-11,-9.89e-12,1.82e-11
1512,-2.12e-11,-3.19e-11,2.40e-11
1513,-2.75e-11,3.86e-11,-7.70e-12
1514,1.25e-11,1.57e-10,2.71e-11
1515,4.76e-12,1.58e-10,-2.85e-11
1516,9.81e-12,2.58e-10,3.63e-12
1517,4.97e-11,-6.33e-11,1.54e-11
1518,-2.58e-11,1.43e-10,-4.75e-11
1520,3.10e-12,1.02e-12,-2.81e-12
1521,-1.12e-12,-5.80e-12,1.28e-12
1522,-2.15e-12,-1.66e-11,-6.75e-13
1523,-9.20e-12,4.55e-11,-1.16e-11
1524,3.25e-12,3.25e-11,5.33e-12
1525,-1.52e-12,-5.32e-11,2.85e-12
1526,7.77e-12,1.24e-10,1.34e-12
1527,-3.93e-12,-1.43e-11,-1.58e-12
1528,-2.66e-11,1.35e-11,1.77e-12
1529,9.20e-13,5.62e-11,-1.57e-11
1530,-1.57e-11,1.90e-10,-1.02e-11
1531,-5.69e-12,-1.11e-10,2.60e-11
1532,-4.61e-12,-1.35e-11,-1.05e-11
1533,1.49e-11,1.17e-10,-1.10e-11
1534,2.21e-11,-9.81e-11,1.62e-11
1535,-4.79e-12,1.47e-11,-1.48e-11
1536,-1.58e-11,2.00e-10,1.86e-11
1537,-2.59e-12,-2.73e-10,-1.90e-11
1539,2.50e-12,-4.09e-12,1.14e-13
1540,2.31e-13,9.09e-13,-2.86e-12
1541,5.06e-12,-8.98e-12,-3.30e-12
1542,4.03e-12,7.28e-12,-5.86e-12
1543,2.33e-12,-2.98e-11,-4.33e-13
1544,6.62e-12,1.27e-11,6.31e-12
1545,3.19e-12,-9.95e-11,-9.21e-13
1546,8.45e-12,-3.87e-12,2.12e-11
1547,1.26e-11,-7.96e-12,-9.51e-12
1548,-5.52e-12,-6.06e-11,-3.07e-12
1549,-5.79e-12,3.98e-12,-6.03e-12
1550,9.38e-12,-1.50e-10,1.42e-11
1551,1.42e-11,-2.21e-11,-2.37e-12
1552,-8.49e-12,2.99e-10,-4.08e-11
1553,-1.75e-11,-2.94e-11,1.97e-11
1554,8.19e-12,-2.41e-10,-5.46e-11
1555,1.90e-11,-1.10e-10,-2.44e-11
1556,4.06e-12,-5.59e-11,-1.75e-12
1558,4.43e-12,-2.27e-12,2.22e-12
1559,-6.09e-12,-2.96e-12,-3.69e-13
1560,1.10e-11,3.51e-11,-2.10e-12
1561,-9.31e-13,-4.39e-11,2.21e-12
1562,-2.49e-12,-1.61e-11,-3.18e-12
1563,1.30e-11,2.08e-11,-7.24e-12
1564,-2.17e-11,1.77e-11,2.03e-12
1565,3.58e-11,-5.02e-11,-1.20e-11
1566,2.62e-11,1.80e-11,-2.22e-11
1567,-2.70e-11,5.23e-12,4.63e-13
1568,-1.16e-11,3.66e-11,-2.84e-11
1569,-1.97e-11,2.15e-10,-1.50e-11
1570,1.91e-11,-2.40e-10,-2.92e-11
1571,2.29e-11,-5.16e-11,-7.47e-12
1572,2.22e-11,3.07e-10,-2.15e-11
1573,-1.01e-11,-6.75e-11,-1.01e-12
1574,1.70e-11,1.84e-10,-6.91e-12
1575,-4.69e-11,-3.69e-11,5.88e-12
1577,4.83e-12,4.32e-12,7.39e-13
1578,7.30e-12,9.21e-12,-1.02e-12
1579,-2.36e-11,-1.23e-11,-1.82e-12
1580,-9.24e-12,-5.46e-12,-9.66e-13
1581,5.06e-12,1.36e-11,-1.19e-12
1582,-1.62e-12,-3.41e-12,-2.39e-12
1583,1.40e-11,-3.44e-11,9.61e-12
1584,1.22e-11,-1.09e-11,8.98e-12
1585,-1.34e-11,1.92e-11,1.64e-11
1586,2.93e-12,4.53e-11,1.05e-11
1587,6.80e-12,3.46e-11,1.84e-11
1588,8.33e-12,1.76e-11,6.45e-12
1589,-1.82e-11,2.97e-11,-2.50e-12
1590,2.69e-11,-4.97e-12,1.20e-11
1591,1.67e-11,-8.10e-11,1.07e-11
1592,2.01e-11,2.00e-10,-3.13e-12
1593,-3.38e-11,7.19e-11,2.56e-11
1594,-2.25e-11,-1.67e+03,1.50e-11
1596,2.64e-12,-2.50e-12,2.50e-12
1597,5.90e-12,-5.23e-12,1.59e-12
1598,-7.62e-12,2.84e-12,-1.82e-12
1599,-1.06e-12,-3.41e-12,6.82e-13
1600,-4.38e-12,-7.50e-12,6.14e-12
1601,3.95e-12,4.32e-12,-7.96e-12
1602,2.78e-11,1.21e-11,-5.46e-12
1603,-2.66e-11,-1.36e-12,-2.03e-11
1604,-2.01e-11,-1.22e-11,-8.30e-12
1605,9.41e-13,-4.40e-11,1.10e-11
1606,-2.82e-12,-2.18e-11,-1.59e-12
1607,2.38e-11,-2.83e-11,-1.59e-12
1608,-1.12e-11,-5.91e-11,1.31e-11
1609,1.63e-11,8.47e-12,9.27e-12
1610,-7.54e-12,-2.27e-12,2.27e-13
1611,-2.23e-12,3.46e-11,-1.28e-12
1612,1.97e-11,1.64e-11,-6.22e-12
1613,6.31e-12,-2.40e-14,-2.23e-11
1615,-3.58e-12,-1.11e-12,2.27e-12
1616,2.70e-13,2.84e-12,1.14e-12
1617,-1.42e-12,5.34e-12,-6.59e-12
1618,-7.14e-12,-1.91e-11,2.05e-12
1619,2.76e-11,-1.71e-12,6.59e-12
1620,-1.87e-11,-1.67e-11,4.55e-12
1621,3.94e-12,-1.09e-11,-6.82e-13
1622,-1.21e-11,1.06e-11,-1.96e-11
1623,3.72e-12,-4.44e-11,2.81e-11
1624,-8.28e-12,2.41e-11,1.35e-11
1625,-2.93e-12,-4.63e-11,-2.27e-11
1626,-2.25e-11,-1.95e-11,5.91e-12
1627,-6.98e-12,-5.46e-12,1.43e-11
1628,-6.12e-11,-6.23e-11,-1.66e-11
1629,-7.74e-12,8.50e-11,7.33e-12
1630,1.18e-11,-8.79e-12,-1.78e-11
1631,-2.99e-11,2.70e-10,6.14e-11
1632,-8.78e-12,-5.52e-11,1.36e-11
1634,3.54e-12,4.49e-12,-2.27e-12
1635,1.55e-12,-1.14e-12,0.00e+00
1636,-3.74e-12,-5.74e-12,-7.96e-13
1637,3.00e-12,1.25e-11,2.05e-12
1638,1.43e-11,1.07e-11,-8.92e-12
1639,1.69e-12,2.54e-11,-7.50e-12
1640,-1.92e-12,8.37e-11,-9.49e-12
1641,3.21e-12,-2.29e-11,-1.22e-11
1642,-4.89e-12,5.81e-11,7.22e-12
1643,-4.15e-12,6.86e-11,1.31e-12
1644,1.67e-11,-5.85e-11,-1.92e-11
1645,-2.82e-13,-8.65e-11,-1.59e-11
1646,-5.27e-12,-9.04e-11,-2.22e-11
1647,-6.36e-12,-1.04e-10,-1.69e-11
1648,-3.86e-11,-2.60e-10,-2.57e-11
1649,-1.45e-11,-2.53e-11,-1.18e-11
1650,-1.35e-11,1.31e-10,6.45e-12
1651,-6.38e-12,1.56e-11,-9.46e-12
1653,-3.69e-13,1.31e-12,-2.27e-13
1654,5.12e-12,-3.64e-12,-6.82e-13
1655,-6.28e-12,4.32e-12,5.80e-12
1656,1.13e-11,-1.02e-12,-1.48e-12
1657,5.65e-13,-1.44e-11,-6.65e-12
1658,4.96e-12,-2.42e-11,-2.61e-12
1659,-1.18e-11,1.55e-11,1.36e-12
1660,1.01e-11,6.12e-11,-1.45e-11
1661,5.70e-12,-4.59e-11,5.68e-14
1662,-2.34e-11,-8.10e-12,-2.44e-11
1663,2.10e-11,3.09e-11,-9.18e-12
1664,-2.13e-14,-1.65e-11,-8.67e-12
1665,-6.35e-12,1.93e-11,-2.68e-11
1666,-1.84e-12,-6.05e-11,-1.82e-11
1667,2.35e-11,-4.49e-12,1.99e-11
1668,-4.41e-13,2.32e-11,7.53e-12
1669,4.24e-11,-8.33e-11,1.06e-11
1670,-1.32e-11,-4.31e-11,-1.68e-11
1672,1.53e-12,-1.68e-12,-1.59e-12
1673,-3.69e-13,9.66e-13,-4.55e-13
1674,2.36e-13,7.62e-12,4.09e-12
1675,3.23e-13,-1.75e-11,-2.27e-13
1676,6.07e-12,-7.96e-13,-2.27e-12
1677,-3.75e-12,-2.84e-12,-1.14e-12
1678,2.42e-13,4.89e-11,-1.82e-12
1679,-2.56e-13,9.09e-13,5.00e-12
1680,5.97e-12,4.66e-11,2.96e-11
1681,-5.60e-12,1.42e-12,-1.36e-12
1682,-1.90e-12,-1.78e-11,1.33e-11
1683,1.63e-12,8.05e-11,3.41e-11
1684,-1.56e-11,1.17e-12,-3.98e-12
1685,7.61e-12,-9.38e-11,7.16e-12
1686,4.50e-12,-5.53e-11,7.39e-12
1687,1.36e-11,4.79e-11,2.33e-11
1688,-4.69e-12,1.34e-10,1.17e-11
1689,-1.52e-11,9.76e-11,1.21e-11
1691,-2.02e-12,-2.27e-13,-2.27e-13
1692,3.14e-12,-5.23e-12,-3.64e-12
1693,-5.16e-12,-5.00e-12,-2.96e-12
1694,-4.18e-12,1.82e-12,-1.36e-12
1695,1.22e-11,3.75e-12,3.18e-12
1696,1.18e-12,-5.80e-12,2.96e-12
1697,-4.33e-12,-1.06e-11,-1.27e-11
1698,2.81e-11,1.48e-12,5.46e-12
1699,7.17e-12,-9.95e-12,1.13e-11
1700,1.36e-11,1.80e-11,1.18e-11
1701,-2.42e-11,5.40e-12,1.18e-11
1702,1.76e-11,1.59e-11,-1.47e-11
1703,-1.08e-11,-1.86e-11,1.64e-11
1704,1.16e-11,2.09e-11,3.22e-11
1705,2.32e-12,8.69e-11,-7.22e-12
1706,-4.87e-12,-4.67e-11,-2.37e-11
1707,5.46e-11,-5.55e-11,-1.85e-11
1708,-6.31e-11,-1.67e+03,-8.41e-12
