Node ID,u_magnitude,ux,uy,uz
7,9.69e-08,-8.90e-08,-2.47e-08,-2.91e-08
8,1.18e-07,1.11e-07,-2.33e-08,3.08e-08
9,1.18e-07,-1.11e-07,-2.33e-08,3.08e-08
10,9.69e-08,8.90e-08,-2.47e-08,-2.91e-08
11,0.00e+00,0.00e+00,0.00e+00,0.00e+00
12,2.43e-09,-1.28e-09,-1.06e-09,-1.77e-09
13,3.83e-09,-1.63e-09,-1.70e-09,-3.02e-09
14,4.59e-09,-1.71e-09,-2.09e-09,-3.71e-09
15,0.00e+00,0.00e+00,0.00e+00,0.00e+00
16,2.12e-09,-8.29e-10,-9.37e-10,-1.71e-09
17,3.44e-09,-1.17e-09,-1.61e-09,-2.80e-09
18,4.26e-09,-1.25e-09,-2.01e-09,-3.54e-09
19,0.00e+00,0.00e+00,0.00e+00,0.00e+00
20,2.07e-09,-7.41e-10,-8.92e-10,-1.72e-09
21,3.47e-09,-9.53e-10,-1.49e-09,-2.98e-09
22,4.27e-09,-1.00e-09,-1.81e-09,-3.73e-09
23,0.00e+00,0.00e+00,0.00e+00,0.00e+00
24,2.28e-09,-7.12e-10,-7.14e-10,-2.05e-09
25,3.61e-09,-8.97e-10,-1.20e-09,-3.29e-09
26,4.42e-09,-1.04e-09,-1.27e-09,-4.10e-09
27,0.00e+00,0.00e+00,0.00e+00,0.00e+00
28,2.26e-09,-7.06e-10,-3.58e-10,-2.11e-09
29,3.65e-09,-9.20e-10,-4.63e-10,-3.50e-09
30,4.39e-09,-1.01e-09,-4.80e-10,-4.24e-09
31,0.00e+00,0.00e+00,0.00e+00,0.00e+00
32,2.30e-09,-6.69e-10,3.17e-10,-2.17e-09
33,3.35e-09,-7.93e-10,4.88e-10,-3.22e-09
34,3.91e-09,-9.57e-10,5.01e-10,-3.75e-09
35,0.00e+00,0.00e+00,0.00e+00,0.00e+00
36,1.92e-09,-4.64e-10,1.08e-09,-1.51e-09
37,2.83e-09,-6.06e-10,1.44e-09,-2.36e-09
38,3.13e-09,-6.83e-10,1.44e-09,-2.69e-09
39,0.00e+00,0.00e+00,0.00e+00,0.00e+00
40,1.58e-09,-1.77e-10,1.45e-09,-6.01e-10
41,2.32e-09,-2.05e-10,2.15e-09,-8.58e-10
42,2.19e-09,-2.52e-10,1.96e-09,-9.59e-10
43,0.00e+00,0.00e+00,0.00e+00,0.00e+00
44,1.70e-09,1.70e-10,1.60e-09,5.46e-10
45,2.25e-09,2.24e-10,2.07e-09,8.47e-10
46,2.25e-09,2.52e-10,2.02e-09,9.60e-10
47,0.00e+00,0.00e+00,0.00e+00,0.00e+00
48,1.99e-09,4.98e-10,1.04e-09,1.62e-09
49,2.88e-09,5.91e-10,1.56e-09,2.35e-09
50,3.11e-09,7.15e-10,1.44e-09,2.65e-09
51,0.00e+00,0.00e+00,0.00e+00,0.00e+00
52,2.25e-09,6.92e-10,3.56e-10,2.11e-09
53,3.53e-09,8.99e-10,5.23e-10,3.37e-09
54,4.09e-09,9.99e-10,5.53e-10,3.93e-09
55,0.00e+00,0.00e+00,0.00e+00,0.00e+00
56,2.45e-09,7.58e-10,-3.16e-10,2.30e-09
57,3.74e-09,9.33e-10,-5.10e-10,3.58e-09
58,4.49e-09,1.10e-09,-4.68e-10,4.32e-09
59,0.00e+00,0.00e+00,0.00e+00,0.00e+00
60,2.26e-09,7.45e-10,-7.83e-10,1.99e-09
61,3.71e-09,9.56e-10,-1.17e-09,3.39e-09
62,4.52e-09,1.02e-09,-1.32e-09,4.20e-09
63,0.00e+00,0.00e+00,0.00e+00,0.00e+00
64,2.17e-09,7.26e-10,-8.87e-10,1.85e-09
65,3.52e-09,9.59e-10,-1.55e-09,3.01e-09
66,4.35e-09,1.08e-09,-1.80e-09,3.81e-09
67,0.00e+00,0.00e+00,0.00e+00,0.00e+00
68,2.05e-09,8.45e-10,-8.80e-10,1.64e-09
69,3.49e-09,1.15e-09,-1.63e-09,2.86e-09
70,4.31e-09,1.23e-09,-2.06e-09,3.58e-09
71,0.00e+00,0.00e+00,0.00e+00,0.00e+00
72,2.49e-09,1.23e-09,-1.10e-09,1.86e-09
73,3.85e-09,1.71e-09,-1.69e-09,3.01e-09
74,4.68e-09,1.77e-09,-2.14e-09,3.77e-09
75,0.00e+00,0.00e+00,0.00e+00,0.00e+00
76,2.27e-09,-6.88e-10,-1.23e-09,-1.78e-09
77,3.75e-09,-9.76e-10,-1.96e-09,-3.05e-09
78,4.61e-09,-1.05e-09,-2.47e-09,-3.74e-09
79,0.00e+00,0.00e+00,0.00e+00,0.00e+00
80,1.87e-09,-2.08e-10,-1.02e-09,-1.56e-09
81,3.42e-09,-3.95e-10,-1.86e-09,-2.84e-09
82,4.26e-09,-4.52e-10,-2.35e-09,-3.53e-09
83,0.00e+00,0.00e+00,0.00e+00,0.00e+00
84,2.10e-09,-9.57e-11,-1.03e-09,-1.83e-09
85,3.56e-09,-7.80e-11,-1.76e-09,-3.09e-09
86,4.35e-09,-1.95e-10,-2.04e-09,-3.83e-09
87,0.00e+00,0.00e+00,0.00e+00,0.00e+00
88,2.36e-09,-5.54e-11,-9.90e-10,-2.14e-09
89,3.92e-09,-6.12e-11,-1.43e-09,-3.65e-09
90,4.61e-09,-1.24e-11,-1.56e-09,-4.33e-09
91,0.00e+00,0.00e+00,0.00e+00,0.00e+00
92,2.71e-09,-9.27e-11,-5.89e-10,-2.64e-09
93,4.10e-09,-2.37e-11,-9.32e-10,-3.99e-09
94,4.62e-09,-1.85e-10,-8.38e-10,-4.54e-09
95,0.00e+00,0.00e+00,0.00e+00,0.00e+00
96,2.62e-09,-1.89e-10,-3.80e-11,-2.61e-09
97,4.00e-09,-2.35e-10,-2.49e-11,-3.99e-09
98,4.12e-09,-1.73e-10,2.47e-11,-4.11e-09
99,0.00e+00,0.00e+00,0.00e+00,0.00e+00
100,2.26e-09,-1.68e-10,6.81e-10,-2.15e-09
101,3.01e-09,-1.71e-10,9.39e-10,-2.86e-09
102,2.96e-09,-3.32e-10,7.39e-10,-2.85e-09
103,0.00e+00,0.00e+00,0.00e+00,0.00e+00
104,1.53e-09,-6.55e-11,1.33e-09,-7.64e-10
105,1.82e-09,-9.23e-11,1.43e-09,-1.12e-09
106,1.61e-09,-8.04e-11,1.21e-09,-1.07e-09
107,0.00e+00,0.00e+00,0.00e+00,0.00e+00
108,1.39e-09,6.68e-11,1.15e-09,7.76e-10
109,1.90e-09,7.28e-11,1.60e-09,1.02e-09
110,1.58e-09,1.39e-10,1.21e-09,1.00e-09
111,0.00e+00,0.00e+00,0.00e+00,0.00e+00
112,2.17e-09,1.80e-10,8.23e-10,2.00e-09
113,3.12e-09,2.57e-10,8.93e-10,2.98e-09
114,3.04e-09,2.29e-10,7.97e-10,2.93e-09
115,0.00e+00,0.00e+00,0.00e+00,0.00e+00
116,2.87e-09,2.15e-10,2.01e-11,2.87e-09
117,4.00e-09,2.18e-10,-6.50e-12,4.00e-09
118,4.22e-09,3.99e-10,6.28e-12,4.20e-09
119,0.00e+00,0.00e+00,0.00e+00,0.00e+00
120,2.69e-09,1.16e-10,-7.01e-10,2.59e-09
121,4.29e-09,1.66e-10,-8.67e-10,4.20e-09
122,4.76e-09,1.27e-10,-8.28e-10,4.68e-09
123,0.00e+00,0.00e+00,0.00e+00,0.00e+00
124,2.47e-09,7.17e-11,-9.34e-10,2.28e-09
125,4.00e-09,7.99e-12,-1.53e-09,3.70e-09
126,4.71e-09,1.36e-10,-1.56e-09,4.44e-09
127,0.00e+00,0.00e+00,0.00e+00,0.00e+00
128,2.07e-09,9.28e-11,-1.07e-09,1.77e-09
129,3.61e-09,1.49e-10,-1.75e-09,3.16e-09
130,4.42e-09,1.31e-10,-2.09e-09,3.89e-09
131,0.00e+00,0.00e+00,0.00e+00,0.00e+00
132,2.00e-09,2.55e-10,-1.09e-09,1.65e-09
133,3.44e-09,3.71e-10,-1.88e-09,2.85e-09
134,4.28e-09,4.93e-10,-2.34e-09,3.55e-09
135,0.00e+00,0.00e+00,0.00e+00,0.00e+00
136,2.19e-09,7.01e-10,-1.18e-09,1.71e-09
137,3.81e-09,9.59e-10,-2.01e-09,3.09e-09
138,4.64e-09,1.02e-09,-2.48e-09,3.78e-09
139,0.00e+00,0.00e+00,0.00e+00,0.00e+00
140,2.63e-09,-7.15e-10,-1.59e-09,-1.97e-09
141,4.33e-09,-8.30e-10,-2.71e-09,-3.27e-09
142,5.12e-09,-7.90e-10,-3.35e-09,-3.80e-09
143,0.00e+00,0.00e+00,0.00e+00,0.00e+00
144,2.37e-09,-7.42e-11,-1.58e-09,-1.76e-09
145,3.99e-09,-2.36e-11,-2.66e-09,-2.97e-09
146,4.77e-09,-1.10e-10,-3.27e-09,-3.47e-09
147,0.00e+00,0.00e+00,0.00e+00,0.00e+00
148,2.77e-09,5.03e-11,-1.73e-09,-2.17e-09
149,4.38e-09,2.62e-10,-2.68e-09,-3.45e-09
150,5.07e-09,4.87e-10,-3.10e-09,-3.98e-09
151,0.00e+00,0.00e+00,0.00e+00,0.00e+00
152,3.38e-09,1.32e-10,-1.73e-09,-2.90e-09
153,5.20e-09,4.79e-10,-2.70e-09,-4.42e-09
154,5.40e-09,3.87e-10,-2.52e-09,-4.76e-09
155,0.00e+00,0.00e+00,0.00e+00,0.00e+00
156,4.22e-09,-2.35e-10,-1.70e-09,-3.85e-09
157,5.76e-09,-8.06e-11,-1.92e-09,-5.43e-09
158,5.28e-09,2.73e-10,-1.61e-09,-5.03e-09
159,0.00e+00,0.00e+00,0.00e+00,0.00e+00
160,4.71e-09,-5.24e-10,-4.04e-10,-4.66e-09
161,5.69e-09,-4.87e-10,-7.92e-10,-5.61e-09
162,4.46e-09,-8.25e-10,-5.94e-10,-4.35e-09
163,0.00e+00,0.00e+00,0.00e+00,0.00e+00
164,3.90e-09,-7.85e-10,1.14e-09,-3.65e-09
165,4.88e-09,-9.25e-10,8.48e-10,-4.71e-09
166,3.24e-09,-6.91e-10,4.38e-10,-3.14e-09
167,0.00e+00,0.00e+00,0.00e+00,0.00e+00
168,2.29e-09,-2.26e-10,1.77e-09,-1.44e-09
169,2.84e-09,-2.61e-10,2.30e-09,-1.66e-09
170,1.59e-09,-4.00e-10,1.08e-09,-1.10e-09
171,0.00e+00,0.00e+00,0.00e+00,0.00e+00
172,2.65e-09,2.88e-10,2.28e-09,1.31e-09
173,2.56e-09,3.65e-10,1.90e-09,1.67e-09
174,1.56e-09,2.96e-10,1.09e-09,1.08e-09
175,0.00e+00,0.00e+00,0.00e+00,0.00e+00
176,3.86e-09,5.76e-10,9.03e-10,3.71e-09
177,4.50e-09,6.75e-10,1.14e-09,4.30e-09
178,3.21e-09,1.00e-09,4.81e-10,3.01e-09
179,0.00e+00,0.00e+00,0.00e+00,0.00e+00
180,4.78e-09,9.40e-10,-5.37e-10,4.65e-09
181,6.36e-09,9.84e-10,-6.45e-10,6.26e-09
182,4.82e-09,6.25e-10,-4.74e-10,4.75e-09
183,0.00e+00,0.00e+00,0.00e+00,0.00e+00
184,4.15e-09,1.60e-10,-1.37e-09,3.91e-09
185,5.90e-09,-4.76e-11,-2.22e-09,5.47e-09
186,5.54e-09,1.28e-10,-1.70e-09,5.27e-09
187,0.00e+00,0.00e+00,0.00e+00,0.00e+00
188,3.55e-09,1.67e-11,-1.91e-09,2.99e-09
189,5.18e-09,-2.56e-10,-2.56e-09,4.50e-09
190,5.53e-09,-5.96e-10,-2.63e-09,4.82e-09
191,0.00e+00,0.00e+00,0.00e+00,0.00e+00
192,2.74e-09,-1.22e-10,-1.68e-09,2.16e-09
193,4.48e-09,-3.75e-10,-2.76e-09,3.51e-09
194,5.05e-09,-3.00e-10,-3.05e-09,4.01e-09
195,0.00e+00,0.00e+00,0.00e+00,0.00e+00
196,2.36e-09,8.58e-11,-1.52e-09,1.80e-09
197,4.02e-09,9.27e-11,-2.68e-09,3.00e-09
198,4.83e-09,2.83e-11,-3.31e-09,3.52e-09
199,0.00e+00,0.00e+00,0.00e+00,0.00e+00
200,2.68e-09,6.51e-10,-1.70e-09,1.96e-09
201,4.35e-09,8.29e-10,-2.70e-09,3.31e-09
202,5.20e-09,8.72e-10,-3.40e-09,3.83e-09
203,0.00e+00,0.00e+00,0.00e+00,0.00e+00
204,3.31e-09,-8.04e-10,-2.41e-09,-2.13e-09
205,5.22e-09,-9.64e-10,-3.79e-09,-3.47e-09
206,6.10e-09,-9.98e-10,-4.69e-09,-3.77e-09
207,0.00e+00,0.00e+00,0.00e+00,0.00e+00
208,3.08e-09,-5.31e-11,-2.33e-09,-2.01e-09
209,5.00e-09,1.73e-11,-3.94e-09,-3.07e-09
210,5.79e-09,1.51e-10,-4.69e-09,-3.39e-09
211,0.00e+00,0.00e+00,0.00e+00,0.00e+00
212,3.84e-09,1.84e-10,-2.83e-09,-2.59e-09
213,5.96e-09,6.07e-10,-4.38e-09,-3.99e-09
214,6.12e-09,5.24e-10,-4.57e-09,-4.03e-09
215,0.00e+00,0.00e+00,0.00e+00,0.00e+00
216,5.53e-09,-3.08e-10,-3.62e-09,-4.16e-09
217,7.23e-09,6.14e-11,-4.62e-09,-5.56e-09
218,6.95e-09,7.26e-10,-4.37e-09,-5.35e-09
219,0.00e+00,0.00e+00,0.00e+00,0.00e+00
220,6.62e-09,-1.09e-09,-2.92e-09,-5.85e-09
221,9.39e-09,-1.29e-09,-4.87e-09,-7.93e-09
222,6.95e-09,-1.56e-09,-3.24e-09,-5.95e-09
223,0.00e+00,0.00e+00,0.00e+00,0.00e+00
224,9.65e-09,-3.72e-09,-1.64e-09,-8.75e-09
225,1.17e-08,-4.72e-09,-1.93e-09,-1.06e-08
226,6.77e-09,-4.11e-09,-1.86e-09,-5.04e-09
227,0.00e+00,0.00e+00,0.00e+00,0.00e+00
228,7.23e-09,-2.76e-09,1.41e-09,-6.53e-09
229,9.62e-09,-4.66e-09,1.61e-09,-8.27e-09
230,6.37e-09,-4.92e-09,-3.36e-10,-4.03e-09
231,0.00e+00,0.00e+00,0.00e+00,0.00e+00
232,5.39e-09,-1.30e-09,4.42e-09,-2.79e-09
233,4.84e-09,-1.84e-09,3.10e-09,-3.23e-09
234,2.33e-09,-1.74e-09,8.74e-10,-1.28e-09
235,0.00e+00,0.00e+00,0.00e+00,0.00e+00
236,4.20e-09,1.02e-09,3.33e-09,2.35e-09
237,5.36e-09,1.71e-09,4.16e-09,2.91e-09
238,2.37e-09,1.88e-09,6.22e-10,1.30e-09
239,0.00e+00,0.00e+00,0.00e+00,0.00e+00
240,8.13e-09,3.30e-09,2.17e-09,7.10e-09
241,9.62e-09,4.60e-09,1.02e-09,8.39e-09
242,5.59e-09,4.36e-09,-1.05e-10,3.50e-09
243,0.00e+00,0.00e+00,0.00e+00,0.00e+00
244,8.65e-09,3.00e-09,-1.13e-09,8.03e-09
245,1.20e-08,5.12e-09,-2.42e-09,1.06e-08
246,8.54e-09,5.02e-09,-1.91e-09,6.64e-09
247,0.00e+00,0.00e+00,0.00e+00,0.00e+00
248,7.46e-09,1.43e-09,-3.80e-09,6.26e-09
249,9.07e-09,1.83e-09,-4.06e-09,7.91e-09
250,7.40e-09,1.26e-09,-3.58e-09,6.35e-09
251,0.00e+00,0.00e+00,0.00e+00,0.00e+00
252,5.17e-09,1.06e-10,-3.30e-09,3.98e-09
253,7.62e-09,-2.66e-10,-4.93e-09,5.80e-09
254,6.72e-09,-1.33e-10,-4.16e-09,5.28e-09
255,0.00e+00,0.00e+00,0.00e+00,0.00e+00
256,4.05e-09,-1.97e-11,-2.97e-09,2.75e-09
257,5.86e-09,-3.74e-10,-4.33e-09,3.92e-09
258,6.27e-09,-7.87e-10,-4.64e-09,4.14e-09
259,0.00e+00,0.00e+00,0.00e+00,0.00e+00
260,3.14e-09,4.10e-11,-2.45e-09,1.97e-09
261,5.08e-09,-9.31e-11,-3.97e-09,3.18e-09
262,5.82e-09,-7.93e-12,-4.70e-09,3.42e-09
263,0.00e+00,0.00e+00,0.00e+00,0.00e+00
264,3.32e-09,8.86e-10,-2.30e-09,2.22e-09
265,5.27e-09,9.84e-10,-3.87e-09,3.45e-09
266,6.14e-09,9.18e-10,-4.72e-09,3.82e-09
267,0.00e+00,0.00e+00,0.00e+00,0.00e+00
268,4.00e-09,-1.10e-09,-3.13e-09,-2.23e-09
269,6.24e-09,-1.22e-09,-5.16e-09,-3.30e-09
270,7.22e-09,-1.17e-09,-6.20e-09,-3.52e-09
271,0.00e+00,0.00e+00,0.00e+00,0.00e+00
272,4.08e-09,-5.82e-11,-3.56e-09,-1.98e-09
273,6.30e-09,1.32e-10,-5.49e-09,-3.09e-09
274,6.96e-09,-1.83e-11,-6.23e-09,-3.11e-09
275,0.00e+00,0.00e+00,0.00e+00,0.00e+00
276,5.70e-09,-1.62e-10,-4.71e-09,-3.20e-09
277,7.68e-09,1.95e-10,-6.51e-09,-4.06e-09
278,7.35e-09,7.48e-10,-6.23e-09,-3.83e-09
279,0.00e+00,0.00e+00,0.00e+00,0.00e+00
280,7.60e-09,-1.01e-09,-5.84e-09,-4.75e-09
281,1.10e-08,-1.04e-09,-8.31e-09,-7.15e-09
282,8.20e-09,-1.36e-09,-6.04e-09,-5.37e-09
283,0.00e+00,0.00e+00,0.00e+00,0.00e+00
284,1.26e-08,-4.63e-09,-7.53e-09,-9.04e-09
285,1.49e-08,-7.36e-09,-8.00e-09,-1.02e-08
286,1.28e-08,-7.05e-09,-6.85e-09,-8.19e-09
287,0.00e+00,0.00e+00,0.00e+00,0.00e+00
288,1.55e-08,-1.02e-08,-2.64e-09,-1.14e-08
289,2.92e-08,-2.06e-08,-5.75e-09,-1.99e-08
290,2.28e-08,-2.08e-08,-5.01e-09,-7.76e-09
291,0.00e+00,0.00e+00,0.00e+00,0.00e+00
292,1.56e-08,-9.59e-09,3.59e-09,-1.18e-08
293,2.13e-08,-1.71e-08,7.93e-10,-1.28e-08
294,2.34e-08,-2.14e-08,-2.76e-09,-9.04e-09
295,0.00e+00,0.00e+00,0.00e+00,0.00e+00
296,7.84e-09,-3.70e-09,5.92e-09,-3.58e-09
297,1.17e-08,-7.36e-09,6.73e-09,-6.11e-09
298,8.51e-09,-7.83e-09,-2.73e-09,-1.94e-09
299,0.00e+00,0.00e+00,0.00e+00,0.00e+00
300,9.87e-09,3.51e-09,8.20e-09,4.23e-09
301,9.16e-09,6.28e-09,4.90e-09,4.52e-09
302,8.31e-09,7.74e-09,-1.05e-09,2.84e-09
303,0.00e+00,0.00e+00,0.00e+00,0.00e+00
304,1.33e-08,9.29e-09,2.29e-09,9.22e-09
305,2.46e-08,1.87e-08,1.87e-09,1.60e-08
306,2.09e-08,1.97e-08,-4.32e-09,5.41e-09
307,0.00e+00,0.00e+00,0.00e+00,0.00e+00
308,1.84e-08,1.08e-08,-3.63e-09,1.44e-08
309,2.50e-08,1.85e-08,-4.92e-09,1.61e-08
310,2.77e-08,2.31e-08,-6.08e-09,1.40e-08
311,0.00e+00,0.00e+00,0.00e+00,0.00e+00
312,1.06e-08,4.41e-09,-5.67e-09,7.73e-09
313,1.67e-08,7.37e-09,-9.63e-09,1.15e-08
314,1.20e-08,8.38e-09,-5.10e-09,6.88e-09
315,0.00e+00,0.00e+00,0.00e+00,0.00e+00
316,8.67e-09,1.41e-09,-6.50e-09,5.55e-09
317,1.04e-08,1.61e-09,-7.86e-09,6.55e-09
318,8.58e-09,8.06e-10,-6.26e-09,5.81e-09
319,0.00e+00,0.00e+00,0.00e+00,0.00e+00
320,5.42e-09,-4.35e-12,-4.58e-09,2.90e-09
321,7.96e-09,-4.66e-10,-6.61e-09,4.41e-09
322,7.40e-09,-2.34e-10,-6.25e-09,3.95e-09
323,0.00e+00,0.00e+00,0.00e+00,0.00e+00
324,4.07e-09,9.39e-11,-3.46e-09,2.14e-09
325,6.36e-09,2.55e-11,-5.59e-09,3.02e-09
326,7.07e-09,-1.43e-10,-6.33e-09,3.15e-09
327,0.00e+00,0.00e+00,0.00e+00,0.00e+00
328,4.12e-09,1.05e-09,-3.35e-09,2.15e-09
329,6.30e-09,1.21e-09,-5.16e-09,3.40e-09
330,7.27e-09,1.28e-09,-6.22e-09,3.53e-09
331,0.00e+00,0.00e+00,0.00e+00,0.00e+00
332,4.82e-09,-1.26e-09,-4.27e-09,-1.84e-09
333,7.15e-09,-1.42e-09,-6.40e-09,-2.85e-09
334,8.21e-09,-1.54e-09,-7.53e-09,-2.89e-09
335,0.00e+00,0.00e+00,0.00e+00,0.00e+00
336,5.01e-09,-1.74e-10,-4.63e-09,-1.89e-09
337,7.63e-09,-1.01e-10,-7.19e-09,-2.55e-09
338,8.14e-09,1.18e-10,-7.73e-09,-2.55e-09
339,0.00e+00,0.00e+00,0.00e+00,0.00e+00
340,7.32e-09,-3.52e-10,-6.81e-09,-2.66e-09
341,9.79e-09,9.06e-11,-8.95e-09,-3.98e-09
342,8.10e-09,-4.49e-10,-7.38e-09,-3.31e-09
343,0.00e+00,0.00e+00,0.00e+00,0.00e+00
344,1.29e-08,-3.95e-09,-1.10e-08,-5.52e-09
345,1.51e-08,-4.95e-09,-1.29e-08,-6.18e-09
346,9.63e-09,-3.93e-09,-7.11e-09,-5.16e-09
347,0.00e+00,0.00e+00,0.00e+00,0.00e+00
348,1.70e-08,-1.11e-08,-1.02e-08,-7.81e-09
349,3.22e-08,-2.19e-08,-2.03e-08,-1.20e-08
350,2.55e-08,-2.32e-08,-7.54e-09,-7.50e-09
351,0.00e+00,0.00e+00,0.00e+00,0.00e+00
352,2.80e-08,-2.19e-08,-7.67e-09,-1.57e-08
353,5.66e-08,-5.22e-08,-1.12e-08,-1.87e-08
355,0.00e+00,0.00e+00,0.00e+00,0.00e+00
356,2.55e-08,-2.32e-08,3.44e-09,-9.89e-09
357,5.54e-08,-5.19e-08,3.19e-09,-1.90e-08
358,1.03e-07,-1.00e-07,-5.77e-09,-2.39e-08
359,0.00e+00,0.00e+00,0.00e+00,0.00e+00
360,1.74e-08,-7.61e-09,1.49e-08,-4.68e-09
361,2.06e-08,-1.82e-08,7.94e-09,-5.77e-09
362,3.14e-08,-3.00e-08,-4.37e-09,-8.20e-09
363,0.00e+00,0.00e+00,0.00e+00,0.00e+00
364,1.36e-08,8.46e-09,1.01e-08,3.58e-09
365,2.41e-08,1.87e-08,1.37e-08,6.73e-09
366,3.60e-08,3.51e-08,-1.64e-09,7.92e-09
367,0.00e+00,0.00e+00,0.00e+00,0.00e+00
368,2.35e-08,1.90e-08,6.33e-09,1.23e-08
369,4.91e-08,4.67e-08,-9.06e-10,1.51e-08
370,8.31e-08,7.89e-08,-1.31e-08,2.25e-08
371,0.00e+00,0.00e+00,0.00e+00,0.00e+00
372,2.92e-08,2.60e-08,-5.28e-09,1.21e-08
373,6.50e-08,5.84e-08,-1.49e-08,2.44e-08
375,0.00e+00,0.00e+00,0.00e+00,0.00e+00
376,2.06e-08,1.14e-08,-1.42e-08,9.53e-09
377,2.72e-08,2.02e-08,-1.47e-08,1.09e-08
378,2.95e-08,2.46e-08,-1.30e-08,9.89e-09
379,0.00e+00,0.00e+00,0.00e+00,0.00e+00
380,1.11e-08,3.11e-09,-9.62e-09,4.68e-09
381,1.59e-08,4.85e-09,-1.33e-08,7.21e-09
382,1.09e-08,5.31e-09,-8.02e-09,5.11e-09
383,0.00e+00,0.00e+00,0.00e+00,0.00e+00
384,7.71e-09,8.02e-10,-7.02e-09,3.08e-09
385,1.00e-08,5.66e-10,-9.28e-09,3.71e-09
386,8.37e-09,-1.32e-10,-7.70e-09,3.29e-09
387,0.00e+00,0.00e+00,0.00e+00,0.00e+00
388,5.21e-09,1.59e-10,-4.90e-09,1.75e-09
389,7.65e-09,-4.86e-11,-7.16e-09,2.68e-09
390,8.13e-09,2.24e-10,-7.70e-09,2.60e-09
391,0.00e+00,0.00e+00,0.00e+00,0.00e+00
392,4.72e-09,1.35e-09,-4.08e-09,1.94e-09
393,7.26e-09,1.50e-09,-6.53e-09,2.79e-09
394,8.33e-09,1.45e-09,-7.67e-09,2.92e-09
395,0.00e+00,0.00e+00,0.00e+00,0.00e+00
396,5.16e-09,-1.50e-09,-4.76e-09,-1.31e-09
397,7.90e-09,-1.66e-09,-7.50e-09,-1.87e-09
398,9.04e-09,-1.62e-09,-8.68e-09,-1.93e-09
399,0.00e+00,0.00e+00,0.00e+00,0.00e+00
400,6.01e-09,-1.96e-10,-5.88e-09,-1.19e-09
401,8.54e-09,5.57e-11,-8.35e-09,-1.80e-09
402,8.87e-09,-3.38e-10,-8.70e-09,-1.71e-09
403,0.00e+00,0.00e+00,0.00e+00,0.00e+00
404,9.02e-09,-1.13e-09,-8.70e-09,-2.08e-09
405,1.15e-08,-9.96e-10,-1.12e-08,-2.54e-09
406,8.88e-09,-2.08e-10,-8.59e-09,-2.26e-09
407,0.00e+00,0.00e+00,0.00e+00,0.00e+00
408,1.36e-08,-4.50e-09,-1.24e-08,-3.31e-09
409,1.88e-08,-7.13e-09,-1.67e-08,-4.85e-09
410,1.25e-08,-8.09e-09,-8.79e-09,-3.57e-09
411,0.00e+00,0.00e+00,0.00e+00,0.00e+00
412,2.55e-08,-1.60e-08,-1.88e-08,-6.46e-09
413,3.56e-08,-2.89e-08,-1.93e-08,-7.85e-09
414,3.94e-08,-3.56e-08,-1.52e-08,-7.39e-09
415,0.00e+00,0.00e+00,0.00e+00,0.00e+00
416,3.81e-08,-3.63e-08,-7.48e-09,-8.84e-09
417,8.60e-08,-8.19e-08,-2.06e-08,-1.62e-08
418,1.65e-07,-1.61e-07,-3.52e-08,-1.77e-08
419,0.00e+00,0.00e+00,0.00e+00,0.00e+00
420,2.87e-08,-2.65e-08,7.34e-09,-8.09e-09
421,6.62e-08,-6.51e-08,-3.91e-09,-1.14e-08
422,1.13e-07,-1.09e-07,-2.46e-08,-1.48e-08
423,0.00e+00,0.00e+00,0.00e+00,0.00e+00
424,1.68e-08,-1.16e-08,1.18e-08,-2.67e-09
425,2.92e-08,-2.54e-08,1.35e-08,-4.67e-09
426,4.83e-08,-4.63e-08,-1.26e-08,-5.25e-09
427,0.00e+00,0.00e+00,0.00e+00,0.00e+00
428,2.05e-08,9.91e-09,1.77e-08,2.99e-09
429,2.51e-08,2.38e-08,6.89e-09,3.92e-09
430,4.22e-08,3.90e-08,-1.54e-08,4.62e-09
431,0.00e+00,0.00e+00,0.00e+00,0.00e+00
432,3.15e-08,3.05e-08,3.58e-09,7.05e-09
433,6.89e-08,6.78e-08,1.44e-09,1.22e-08
434,1.31e-07,1.29e-07,-1.68e-08,1.26e-08
435,0.00e+00,0.00e+00,0.00e+00,0.00e+00
436,3.34e-08,3.01e-08,-1.01e-08,1.05e-08
437,7.77e-08,7.46e-08,-1.66e-08,1.39e-08
438,1.36e-07,1.29e-07,-3.77e-08,1.82e-08
439,0.00e+00,0.00e+00,0.00e+00,0.00e+00
440,2.17e-08,1.61e-08,-1.35e-08,5.70e-09
441,4.29e-08,3.20e-08,-2.74e-08,8.52e-09
442,3.62e-08,3.42e-08,-1.03e-08,6.15e-09
443,0.00e+00,0.00e+00,0.00e+00,0.00e+00
444,1.59e-08,5.72e-09,-1.43e-08,3.75e-09
445,1.89e-08,7.62e-09,-1.66e-08,4.49e-09
446,1.11e-08,6.61e-09,-8.02e-09,3.83e-09
447,0.00e+00,0.00e+00,0.00e+00,0.00e+00
448,8.83e-09,6.65e-10,-8.61e-09,1.87e-09
449,1.12e-08,2.67e-10,-1.09e-08,2.74e-09
450,8.75e-09,1.10e-09,-8.38e-09,2.30e-09
451,0.00e+00,0.00e+00,0.00e+00,0.00e+00
452,5.78e-09,2.36e-10,-5.64e-09,1.28e-09
453,8.71e-09,1.91e-10,-8.53e-09,1.73e-09
454,9.05e-09,-4.93e-11,-8.89e-09,1.72e-09
455,0.00e+00,0.00e+00,0.00e+00,0.00e+00
456,5.40e-09,1.45e-09,-5.05e-09,1.24e-09
457,7.86e-09,1.59e-09,-7.46e-09,1.90e-09
458,9.00e-09,1.77e-09,-8.61e-09,1.92e-09
459,0.00e+00,0.00e+00,0.00e+00,0.00e+00
460,5.67e-09,-1.52e-09,-5.44e-09,-4.46e-10
461,8.16e-09,-1.65e-09,-7.97e-09,-6.78e-10
462,9.35e-09,-1.86e-09,-9.13e-09,-6.78e-10
463,0.00e+00,0.00e+00,0.00e+00,0.00e+00
464,6.15e-09,-2.42e-10,-6.13e-09,-4.52e-10
465,9.21e-09,-1.96e-10,-9.19e-09,-6.10e-10
466,9.47e-09,5.86e-11,-9.45e-09,-6.06e-10
467,0.00e+00,0.00e+00,0.00e+00,0.00e+00
468,9.50e-09,-7.49e-10,-9.45e-09,-6.65e-10
469,1.19e-08,-3.11e-10,-1.19e-08,-9.56e-10
470,9.01e-09,-1.31e-09,-8.88e-09,-8.09e-10
471,0.00e+00,0.00e+00,0.00e+00,0.00e+00
472,1.71e-08,-6.35e-09,-1.58e-08,-1.29e-09
473,2.02e-08,-8.57e-09,-1.82e-08,-1.59e-09
474,1.14e-08,-7.50e-09,-8.45e-09,-1.42e-09
475,0.00e+00,0.00e+00,0.00e+00,0.00e+00
476,2.35e-08,-1.79e-08,-1.50e-08,-2.01e-09
477,4.65e-08,-3.54e-08,-3.00e-08,-2.94e-09
478,3.99e-08,-3.82e-08,-1.13e-08,-2.30e-09
479,0.00e+00,0.00e+00,0.00e+00,0.00e+00
480,3.59e-08,-3.38e-08,-1.15e-08,-3.49e-09
481,8.46e-08,-8.23e-08,-1.90e-08,-4.93e-09
482,1.46e-07,-1.40e-07,-4.16e-08,-5.51e-09
483,0.00e+00,0.00e+00,0.00e+00,0.00e+00
484,3.41e-08,-3.38e-08,3.38e-09,-2.47e-09
485,7.46e-08,-7.45e-08,1.57e-11,-4.23e-09
486,1.38e-07,-1.36e-07,-2.21e-08,-5.77e-09
487,0.00e+00,0.00e+00,0.00e+00,0.00e+00
488,2.18e-08,-1.11e-08,1.87e-08,-1.01e-09
489,2.67e-08,-2.61e-08,5.62e-09,-1.62e-09
490,4.68e-08,-4.19e-08,-2.08e-08,-2.16e-09
491,0.00e+00,0.00e+00,0.00e+00,0.00e+00
492,1.76e-08,1.25e-08,1.23e-08,8.85e-10
493,3.00e-08,2.72e-08,1.25e-08,1.30e-09
494,5.16e-08,4.83e-08,-1.82e-08,1.21e-09
495,0.00e+00,0.00e+00,0.00e+00,0.00e+00
496,3.03e-08,2.92e-08,7.62e-09,2.75e-09
497,7.06e-08,7.02e-08,-5.66e-09,3.69e-09
498,1.19e-07,1.15e-07,-2.95e-08,3.76e-09
499,0.00e+00,0.00e+00,0.00e+00,0.00e+00
500,4.12e-08,4.02e-08,-8.51e-09,3.12e-09
501,9.33e-08,9.03e-08,-2.31e-08,5.20e-09
502,1.75e-07,1.71e-07,-3.93e-08,6.58e-09
503,0.00e+00,0.00e+00,0.00e+00,0.00e+00
504,2.75e-08,1.79e-08,-2.08e-08,2.22e-09
505,3.89e-08,3.22e-08,-2.16e-08,2.82e-09
506,4.29e-08,3.93e-08,-1.70e-08,2.72e-09
507,0.00e+00,0.00e+00,0.00e+00,0.00e+00
508,1.47e-08,5.08e-09,-1.37e-08,1.18e-09
509,2.01e-08,8.00e-09,-1.84e-08,1.68e-09
510,1.34e-08,9.21e-09,-9.64e-09,1.33e-09
511,0.00e+00,0.00e+00,0.00e+00,0.00e+00
512,9.73e-09,1.26e-09,-9.62e-09,7.16e-10
513,1.24e-08,1.18e-09,-1.23e-08,9.08e-10
514,9.24e-09,3.49e-10,-9.19e-09,8.31e-10
515,0.00e+00,0.00e+00,0.00e+00,0.00e+00
516,6.46e-09,2.12e-10,-6.44e-09,4.18e-10
517,9.07e-09,-6.78e-11,-9.05e-09,6.31e-10
518,9.34e-09,3.99e-10,-9.32e-09,6.09e-10
519,0.00e+00,0.00e+00,0.00e+00,0.00e+00
520,5.41e-09,1.58e-09,-5.16e-09,4.51e-10
521,8.29e-09,1.75e-09,-8.07e-09,6.46e-10
522,9.46e-09,1.72e-09,-9.28e-09,6.71e-10
523,0.00e+00,0.00e+00,0.00e+00,0.00e+00
524,5.41e-09,-1.58e-09,-5.16e-09,4.51e-10
525,8.29e-09,-1.75e-09,-8.07e-09,6.46e-10
526,9.46e-09,-1.72e-09,-9.28e-09,6.71e-10
527,0.00e+00,0.00e+00,0.00e+00,0.00e+00
528,6.46e-09,-2.12e-10,-6.44e-09,4.18e-10
529,9.07e-09,6.78e-11,-9.05e-09,6.31e-10
530,9.34e-09,-3.99e-10,-9.32e-09,6.09e-10
531,0.00e+00,0.00e+00,0.00e+00,0.00e+00
532,9.73e-09,-1.26e-09,-9.62e-09,7.16e-10
533,1.24e-08,-1.18e-09,-1.23e-08,9.08e-10
534,9.24e-09,-3.49e-10,-9.19e-09,8.31e-10
535,0.00e+00,0.00e+00,0.00e+00,0.00e+00
536,1.47e-08,-5.08e-09,-1.37e-08,1.18e-09
537,2.01e-08,-8.00e-09,-1.84e-08,1.68e-09
538,1.34e-08,-9.21e-09,-9.64e-09,1.33e-09
539,0.00e+00,0.00e+00,0.00e+00,0.00e+00
540,2.75e-08,-1.79e-08,-2.08e-08,2.22e-09
541,3.89e-08,-3.22e-08,-2.16e-08,2.82e-09
542,4.29e-08,-3.93e-08,-1.70e-08,2.72e-09
543,0.00e+00,0.00e+00,0.00e+00,0.00e+00
544,4.12e-08,-4.02e-08,-8.51e-09,3.12e-09
545,9.33e-08,-9.03e-08,-2.31e-08,5.20e-09
546,1.75e-07,-1.71e-07,-3.93e-08,6.58e-09
547,0.00e+00,0.00e+00,0.00e+00,0.00e+00
548,3.03e-08,-2.92e-08,7.62e-09,2.75e-09
549,7.06e-08,-7.02e-08,-5.66e-09,3.69e-09
550,1.19e-07,-1.15e-07,-2.95e-08,3.76e-09
551,0.00e+00,0.00e+00,0.00e+00,0.00e+00
552,1.76e-08,-1.25e-08,1.23e-08,8.85e-10
553,3.00e-08,-2.72e-08,1.25e-08,1.30e-09
554,5.16e-08,-4.83e-08,-1.82e-08,1.21e-09
555,0.00e+00,0.00e+00,0.00e+00,0.00e+00
556,2.18e-08,1.11e-08,1.87e-08,-1.01e-09
557,2.67e-08,2.61e-08,5.62e-09,-1.62e-09
558,4.68e-08,4.19e-08,-2.08e-08,-2.16e-09
559,0.00e+00,0.00e+00,0.00e+00,0.00e+00
560,3.41e-08,3.38e-08,3.38e-09,-2.47e-09
561,7.46e-08,7.45e-08,1.57e-11,-4.23e-09
562,1.38e-07,1.36e-07,-2.21e-08,-5.77e-09
563,0.00e+00,0.00e+00,0.00e+00,0.00e+00
564,3.59e-08,3.38e-08,-1.15e-08,-3.49e-09
565,8.46e-08,8.23e-08,-1.90e-08,-4.93e-09
566,1.46e-07,1.40e-07,-4.16e-08,-5.51e-09
567,0.00e+00,0.00e+00,0.00e+00,0.00e+00
568,2.35e-08,1.79e-08,-1.50e-08,-2.01e-09
569,4.65e-08,3.54e-08,-3.00e-08,-2.94e-09
570,3.99e-08,3.82e-08,-1.13e-08,-2.30e-09
571,0.00e+00,0.00e+00,0.00e+00,0.00e+00
572,1.71e-08,6.35e-09,-1.58e-08,-1.29e-09
573,2.02e-08,8.57e-09,-1.82e-08,-1.59e-09
574,1.14e-08,7.50e-09,-8.45e-09,-1.42e-09
575,0.00e+00,0.00e+00,0.00e+00,0.00e+00
576,9.50e-09,7.49e-10,-9.45e-09,-6.65e-10
577,1.19e-08,3.11e-10,-1.19e-08,-9.56e-10
578,9.01e-09,1.31e-09,-8.88e-09,-8.09e-10
579,0.00e+00,0.00e+00,0.00e+00,0.00e+00
580,6.15e-09,2.42e-10,-6.13e-09,-4.52e-10
581,9.21e-09,1.96e-10,-9.19e-09,-6.10e-10
582,9.47e-09,-5.86e-11,-9.45e-09,-6.06e-10
583,0.00e+00,0.00e+00,0.00e+00,0.00e+00
584,5.67e-09,1.52e-09,-5.44e-09,-4.46e-10
585,8.16e-09,1.65e-09,-7.97e-09,-6.78e-10
586,9.35e-09,1.86e-09,-9.13e-09,-6.78e-10
587,0.00e+00,0.00e+00,0.00e+00,0.00e+00
588,5.40e-09,-1.45e-09,-5.05e-09,1.24e-09
589,7.86e-09,-1.59e-09,-7.46e-09,1.90e-09
590,9.00e-09,-1.77e-09,-8.61e-09,1.92e-09
591,0.00e+00,0.00e+00,0.00e+00,0.00e+00
592,5.78e-09,-2.36e-10,-5.64e-09,1.28e-09
593,8.71e-09,-1.91e-10,-8.53e-09,1.73e-09
594,9.05e-09,4.93e-11,-8.89e-09,1.72e-09
595,0.00e+00,0.00e+00,0.00e+00,0.00e+00
596,8.83e-09,-6.65e-10,-8.61e-09,1.87e-09
597,1.12e-08,-2.67e-10,-1.09e-08,2.74e-09
598,8.75e-09,-1.10e-09,-8.38e-09,2.30e-09
599,0.00e+00,0.00e+00,0.00e+00,0.00e+00
600,1.59e-08,-5.72e-09,-1.43e-08,3.75e-09
601,1.89e-08,-7.62e-09,-1.66e-08,4.49e-09
602,1.11e-08,-6.61e-09,-8.02e-09,3.83e-09
603,0.00e+00,0.00e+00,0.00e+00,0.00e+00
604,2.17e-08,-1.61e-08,-1.35e-08,5.70e-09
605,4.29e-08,-3.20e-08,-2.74e-08,8.52e-09
606,3.62e-08,-3.42e-08,-1.03e-08,6.15e-09
607,0.00e+00,0.00e+00,0.00e+00,0.00e+00
608,3.34e-08,-3.01e-08,-1.01e-08,1.05e-08
609,7.77e-08,-7.46e-08,-1.66e-08,1.39e-08
610,1.36e-07,-1.29e-07,-3.77e-08,1.82e-08
611,0.00e+00,0.00e+00,0.00e+00,0.00e+00
612,3.15e-08,-3.05e-08,3.58e-09,7.05e-09
613,6.89e-08,-6.78e-08,1.44e-09,1.22e-08
614,1.31e-07,-1.29e-07,-1.68e-08,1.26e-08
615,0.00e+00,0.00e+00,0.00e+00,0.00e+00
616,2.05e-08,-9.91e-09,1.77e-08,2.99e-09
617,2.51e-08,-2.38e-08,6.89e-09,3.92e-09
618,4.22e-08,-3.90e-08,-1.54e-08,4.62e-09
619,0.00e+00,0.00e+00,0.00e+00,0.00e+00
620,1.68e-08,1.16e-08,1.18e-08,-2.67e-09
621,2.92e-08,2.54e-08,1.35e-08,-4.67e-09
622,4.83e-08,4.63e-08,-1.26e-08,-5.25e-09
623,0.00e+00,0.00e+00,0.00e+00,0.00e+00
624,2.87e-08,2.65e-08,7.34e-09,-8.09e-09
625,6.62e-08,6.51e-08,-3.91e-09,-1.14e-08
626,1.13e-07,1.09e-07,-2.46e-08,-1.48e-08
627,0.00e+00,0.00e+00,0.00e+00,0.00e+00
628,3.81e-08,3.63e-08,-7.48e-09,-8.84e-09
629,8.60e-08,8.19e-08,-2.06e-08,-1.62e-08
630,1.65e-07,1.61e-07,-3.52e-08,-1.77e-08
631,0.00e+00,0.00e+00,0.00e+00,0.00e+00
632,2.55e-08,1.60e-08,-1.88e-08,-6.46e-09
633,3.56e-08,2.89e-08,-1.93e-08,-7.85e-09
634,3.94e-08,3.56e-08,-1.52e-08,-7.39e-09
635,0.00e+00,0.00e+00,0.00e+00,0.00e+00
636,1.36e-08,4.50e-09,-1.24e-08,-3.31e-09
637,1.88e-08,7.13e-09,-1.67e-08,-4.85e-09
638,1.25e-08,8.09e-09,-8.79e-09,-3.57e-09
639,0.00e+00,0.00e+00,0.00e+00,0.00e+00
640,9.02e-09,1.13e-09,-8.70e-09,-2.08e-09
641,1.15e-08,9.96e-10,-1.12e-08,-2.54e-09
642,8.88e-09,2.08e-10,-8.59e-09,-2.26e-09
643,0.00e+00,0.00e+00,0.00e+00,0.00e+00
644,6.01e-09,1.96e-10,-5.88e-09,-1.19e-09
645,8.54e-09,-5.57e-11,-8.35e-09,-1.80e-09
646,8.87e-09,3.38e-10,-8.70e-09,-1.71e-09
647,0.00e+00,0.00e+00,0.00e+00,0.00e+00
648,5.16e-09,1.50e-09,-4.76e-09,-1.31e-09
649,7.90e-09,1.66e-09,-7.50e-09,-1.87e-09
650,9.04e-09,1.62e-09,-8.68e-09,-1.93e-09
651,0.00e+00,0.00e+00,0.00e+00,0.00e+00
652,4.72e-09,-1.35e-09,-4.08e-09,1.94e-09
653,7.26e-09,-1.50e-09,-6.53e-09,2.79e-09
654,8.33e-09,-1.45e-09,-7.67e-09,2.92e-09
655,0.00e+00,0.00e+00,0.00e+00,0.00e+00
656,5.21e-09,-1.59e-10,-4.90e-09,1.75e-09
657,7.65e-09,4.86e-11,-7.16e-09,2.68e-09
658,8.13e-09,-2.24e-10,-7.70e-09,2.60e-09
659,0.00e+00,0.00e+00,0.00e+00,0.00e+00
660,7.71e-09,-8.02e-10,-7.02e-09,3.08e-09
661,1.00e-08,-5.66e-10,-9.28e-09,3.71e-09
662,8.37e-09,1.32e-10,-7.70e-09,3.29e-09
663,0.00e+00,0.00e+00,0.00e+00,0.00e+00
664,1.11e-08,-3.11e-09,-9.62e-09,4.68e-09
665,1.59e-08,-4.85e-09,-1.33e-08,7.21e-09
666,1.09e-08,-5.31e-09,-8.02e-09,5.11e-09
667,0.00e+00,0.00e+00,0.00e+00,0.00e+00
668,2.06e-08,-1.14e-08,-1.42e-08,9.53e-09
669,2.72e-08,-2.02e-08,-1.47e-08,1.09e-08
670,2.95e-08,-2.46e-08,-1.30e-08,9.89e-09
671,0.00e+00,0.00e+00,0.00e+00,0.00e+00
672,2.92e-08,-2.60e-08,-5.28e-09,1.21e-08
673,6.50e-08,-5.84e-08,-1.49e-08,2.44e-08
675,0.00e+00,0.00e+00,0.00e+00,0.00e+00
676,2.35e-08,-1.90e-08,6.33e-09,1.23e-08
677,4.91e-08,-4.67e-08,-9.06e-10,1.51e-08
678,8.31e-08,-7.89e-08,-1.31e-08,2.25e-08
679,0.00e+00,0.00e+00,0.00e+00,0.00e+00
680,1.36e-08,-8.46e-09,1.01e-08,3.58e-09
681,2.41e-08,-1.87e-08,1.37e-08,6.73e-09
682,3.60e-08,-3.51e-08,-1.64e-09,7.92e-09
683,0.00e+00,0.00e+00,0.00e+00,0.00e+00
684,1.74e-08,7.61e-09,1.49e-08,-4.68e-09
685,2.06e-08,1.82e-08,7.94e-09,-5.77e-09
686,3.14e-08,3.00e-08,-4.37e-09,-8.20e-09
687,0.00e+00,0.00e+00,0.00e+00,0.00e+00
688,2.55e-08,2.32e-08,3.44e-09,-9.89e-09
689,5.54e-08,5.19e-08,3.19e-09,-1.90e-08
690,1.03e-07,1.00e-07,-5.77e-09,-2.39e-08
691,0.00e+00,0.00e+00,0.00e+00,0.00e+00
692,2.80e-08,2.19e-08,-7.67e-09,-1.57e-08
693,5.66e-08,5.22e-08,-1.12e-08,-1.87e-08
695,0.00e+00,0.00e+00,0.00e+00,0.00e+00
696,1.70e-08,1.11e-08,-1.02e-08,-7.81e-09
697,3.22e-08,2.19e-08,-2.03e-08,-1.20e-08
698,2.55e-08,2.32e-08,-7.54e-09,-7.50e-09
699,0.00e+00,0.00e+00,0.00e+00,0.00e+00
700,1.29e-08,3.95e-09,-1.10e-08,-5.52e-09
701,1.51e-08,4.95e-09,-1.29e-08,-6.18e-09
702,9.63e-09,3.93e-09,-7.11e-09,-5.16e-09
703,0.00e+00,0.00e+00,0.00e+00,0.00e+00
704,7.32e-09,3.52e-10,-6.81e-09,-2.66e-09
705,9.79e-09,-9.06e-11,-8.95e-09,-3.98e-09
706,8.10e-09,4.49e-10,-7.38e-09,-3.31e-09
707,0.00e+00,0.00e+00,0.00e+00,0.00e+00
708,5.01e-09,1.74e-10,-4.63e-09,-1.89e-09
709,7.63e-09,1.01e-10,-7.19e-09,-2.55e-09
710,8.14e-09,-1.18e-10,-7.73e-09,-2.55e-09
711,0.00e+00,0.00e+00,0.00e+00,0.00e+00
712,4.82e-09,1.26e-09,-4.27e-09,-1.84e-09
713,7.15e-09,1.42e-09,-6.40e-09,-2.85e-09
714,8.21e-09,1.54e-09,-7.53e-09,-2.89e-09
715,0.00e+00,0.00e+00,0.00e+00,0.00e+00
716,4.12e-09,-1.05e-09,-3.35e-09,2.15e-09
717,6.30e-09,-1.21e-09,-5.16e-09,3.40e-09
718,7.27e-09,-1.28e-09,-6.22e-09,3.53e-09
719,0.00e+00,0.00e+00,0.00e+00,0.00e+00
720,4.07e-09,-9.39e-11,-3.46e-09,2.14e-09
721,6.36e-09,-2.55e-11,-5.59e-09,3.02e-09
722,7.07e-09,1.43e-10,-6.33e-09,3.15e-09
723,0.00e+00,0.00e+00,0.00e+00,0.00e+00
724,5.42e-09,4.35e-12,-4.58e-09,2.90e-09
725,7.96e-09,4.66e-10,-6.61e-09,4.41e-09
726,7.40e-09,2.34e-10,-6.25e-09,3.95e-09
727,0.00e+00,0.00e+00,0.00e+00,0.00e+00
728,8.67e-09,-1.41e-09,-6.50e-09,5.55e-09
729,1.04e-08,-1.61e-09,-7.86e-09,6.55e-09
730,8.58e-09,-8.06e-10,-6.26e-09,5.81e-09
731,0.00e+00,0.00e+00,0.00e+00,0.00e+00
732,1.06e-08,-4.41e-09,-5.67e-09,7.73e-09
733,1.67e-08,-7.37e-09,-9.63e-09,1.15e-08
734,1.20e-08,-8.38e-09,-5.10e-09,6.88e-09
735,0.00e+00,0.00e+00,0.00e+00,0.00e+00
736,1.84e-08,-1.08e-08,-3.63e-09,1.44e-08
737,2.50e-08,-1.85e-08,-4.92e-09,1.61e-08
738,2.77e-08,-2.31e-08,-6.08e-09,1.40e-08
739,0.00e+00,0.00e+00,0.00e+00,0.00e+00
740,1.33e-08,-9.29e-09,2.29e-09,9.22e-09
741,2.46e-08,-1.87e-08,1.87e-09,1.60e-08
742,2.09e-08,-1.97e-08,-4.32e-09,5.41e-09
743,0.00e+00,0.00e+00,0.00e+00,0.00e+00
744,9.87e-09,-3.51e-09,8.20e-09,4.23e-09
745,9.16e-09,-6.28e-09,4.90e-09,4.52e-09
746,8.31e-09,-7.74e-09,-1.05e-09,2.84e-09
747,0.00e+00,0.00e+00,0.00e+00,0.00e+00
748,7.84e-09,3.70e-09,5.92e-09,-3.58e-09
749,1.17e-08,7.36e-09,6.73e-09,-6.11e-09
750,8.51e-09,7.83e-09,-2.73e-09,-1.94e-09
751,0.00e+00,0.00e+00,0.00e+00,0.00e+00
752,1.56e-08,9.59e-09,3.59e-09,-1.18e-08
753,2.13e-08,1.71e-08,7.93e-10,-1.28e-08
754,2.34e-08,2.14e-08,-2.76e-09,-9.04e-09
755,0.00e+00,0.00e+00,0.00e+00,0.00e+00
756,1.55e-08,1.02e-08,-2.64e-09,-1.14e-08
757,2.92e-08,2.06e-08,-5.75e-09,-1.99e-08
758,2.28e-08,2.08e-08,-5.01e-09,-7.77e-09
759,0.00e+00,0.00e+00,0.00e+00,0.00e+00
760,1.26e-08,4.63e-09,-7.53e-09,-9.04e-09
761,1.49e-08,7.36e-09,-8.00e-09,-1.02e-08
762,1.28e-08,7.05e-09,-6.85e-09,-8.19e-09
763,0.00e+00,0.00e+00,0.00e+00,0.00e+00
764,7.60e-09,1.01e-09,-5.84e-09,-4.75e-09
765,1.10e-08,1.04e-09,-8.31e-09,-7.15e-09
766,8.20e-09,1.36e-09,-6.04e-09,-5.37e-09
767,0.00e+00,0.00e+00,0.00e+00,0.00e+00
768,5.70e-09,1.62e-10,-4.71e-09,-3.20e-09
769,7.68e-09,-1.95e-10,-6.51e-09,-4.06e-09
770,7.35e-09,-7.48e-10,-6.23e-09,-3.83e-09
771,0.00e+00,0.00e+00,0.00e+00,0.00e+00
772,4.08e-09,5.82e-11,-3.56e-09,-1.98e-09
773,6.30e-09,-1.32e-10,-5.49e-09,-3.09e-09
774,6.96e-09,1.83e-11,-6.23e-09,-3.11e-09
775,0.00e+00,0.00e+00,0.00e+00,0.00e+00
776,4.00e-09,1.10e-09,-3.13e-09,-2.23e-09
777,6.24e-09,1.22e-09,-5.16e-09,-3.30e-09
778,7.22e-09,1.17e-09,-6.20e-09,-3.52e-09
779,0.00e+00,0.00e+00,0.00e+00,0.00e+00
780,3.32e-09,-8.86e-10,-2.30e-09,2.22e-09
781,5.27e-09,-9.84e-10,-3.87e-09,3.45e-09
782,6.14e-09,-9.18e-10,-4.72e-09,3.82e-09
783,0.00e+00,0.00e+00,0.00e+00,0.00e+00
784,3.14e-09,-4.10e-11,-2.45e-09,1.97e-09
785,5.08e-09,9.31e-11,-3.97e-09,3.18e-09
786,5.82e-09,7.93e-12,-4.70e-09,3.42e-09
787,0.00e+00,0.00e+00,0.00e+00,0.00e+00
788,4.05e-09,1.97e-11,-2.97e-09,2.75e-09
789,5.86e-09,3.74e-10,-4.33e-09,3.92e-09
790,6.27e-09,7.87e-10,-4.64e-09,4.14e-09
791,0.00e+00,0.00e+00,0.00e+00,0.00e+00
792,5.17e-09,-1.06e-10,-3.30e-09,3.98e-09
793,7.62e-09,2.66e-10,-4.93e-09,5.80e-09
794,6.72e-09,1.33e-10,-4.16e-09,5.28e-09
795,0.00e+00,0.00e+00,0.00e+00,0.00e+00
796,7.46e-09,-1.43e-09,-3.80e-09,6.26e-09
797,9.07e-09,-1.83e-09,-4.06e-09,7.91e-09
798,7.40e-09,-1.26e-09,-3.58e-09,6.35e-09
799,0.00e+00,0.00e+00,0.00e+00,0.00e+00
800,8.65e-09,-3.00e-09,-1.13e-09,8.03e-09
801,1.20e-08,-5.12e-09,-2.42e-09,1.06e-08
802,8.54e-09,-5.02e-09,-1.91e-09,6.64e-09
803,0.00e+00,0.00e+00,0.00e+00,0.00e+00
804,8.13e-09,-3.30e-09,2.17e-09,7.10e-09
805,9.62e-09,-4.60e-09,1.02e-09,8.39e-09
806,5.59e-09,-4.36e-09,-1.05e-10,3.50e-09
807,0.00e+00,0.00e+00,0.00e+00,0.00e+00
808,4.20e-09,-1.02e-09,3.33e-09,2.35e-09
809,5.36e-09,-1.71e-09,4.16e-09,2.91e-09
810,2.37e-09,-1.88e-09,6.22e-10,1.30e-09
811,0.00e+00,0.00e+00,0.00e+00,0.00e+00
812,5.39e-09,1.30e-09,4.42e-09,-2.79e-09
813,4.84e-09,1.84e-09,3.10e-09,-3.23e-09
814,2.33e-09,1.74e-09,8.74e-10,-1.28e-09
815,0.00e+00,0.00e+00,0.00e+00,0.00e+00
816,7.23e-09,2.76e-09,1.41e-09,-6.53e-09
817,9.62e-09,4.66e-09,1.61e-09,-8.27e-09
818,6.37e-09,4.92e-09,-3.36e-10,-4.03e-09
819,0.00e+00,0.00e+00,0.00e+00,0.00e+00
820,9.65e-09,3.72e-09,-1.64e-09,-8.75e-09
821,1.17e-08,4.72e-09,-1.93e-09,-1.06e-08
822,6.77e-09,4.11e-09,-1.86e-09,-5.04e-09
823,0.00e+00,0.00e+00,0.00e+00,0.00e+00
824,6.62e-09,1.09e-09,-2.92e-09,-5.85e-09
825,9.39e-09,1.29e-09,-4.87e-09,-7.93e-09
826,6.95e-09,1.56e-09,-3.24e-09,-5.95e-09
827,0.00e+00,0.00e+00,0.00e+00,0.00e+00
828,5.53e-09,3.08e-10,-3.62e-09,-4.16e-09
829,7.23e-09,-6.14e-11,-4.62e-09,-5.56e-09
830,6.95e-09,-7.26e-10,-4.37e-09,-5.35e-09
831,0.00e+00,0.00e+00,0.00e+00,0.00e+00
832,3.84e-09,-1.84e-10,-2.83e-09,-2.59e-09
833,5.96e-09,-6.07e-10,-4.38e-09,-3.99e-09
834,6.12e-09,-5.24e-10,-4.57e-09,-4.03e-09
835,0.00e+00,0.00e+00,0.00e+00,0.00e+00
836,3.08e-09,5.31e-11,-2.33e-09,-2.01e-09
837,5.00e-09,-1.73e-11,-3.94e-09,-3.07e-09
838,5.79e-09,-1.51e-10,-4.69e-09,-3.39e-09
839,0.00e+00,0.00e+00,0.00e+00,0.00e+00
840,3.31e-09,8.04e-10,-2.41e-09,-2.13e-09
841,5.22e-09,9.64e-10,-3.79e-09,-3.47e-09
842,6.10e-09,9.98e-10,-4.69e-09,-3.77e-09
843,0.00e+00,0.00e+00,0.00e+00,0.00e+00
844,2.68e-09,-6.51e-10,-1.70e-09,1.96e-09
845,4.35e-09,-8.29e-10,-2.70e-09,3.31e-09
846,5.20e-09,-8.72e-10,-3.40e-09,3.83e-09
847,0.00e+00,0.00e+00,0.00e+00,0.00e+00
848,2.36e-09,-8.58e-11,-1.52e-09,1.80e-09
849,4.02e-09,-9.27e-11,-2.68e-09,3.00e-09
850,4.83e-09,-2.83e-11,-3.31e-09,3.52e-09
851,0.00e+00,0.00e+00,0.00e+00,0.00e+00
852,2.74e-09,1.22e-10,-1.68e-09,2.16e-09
853,4.48e-09,3.75e-10,-2.76e-09,3.51e-09
854,5.05e-09,3.00e-10,-3.05e-09,4.01e-09
855,0.00e+00,0.00e+00,0.00e+00,0.00e+00
856,3.55e-09,-1.67e-11,-1.91e-09,2.99e-09
857,5.18e-09,2.56e-10,-2.56e-09,4.50e-09
858,5.53e-09,5.96e-10,-2.63e-09,4.82e-09
859,0.00e+00,0.00e+00,0.00e+00,0.00e+00
860,4.15e-09,-1.60e-10,-1.37e-09,3.91e-09
861,5.90e-09,4.76e-11,-2.22e-09,5.47e-09
862,5.54e-09,-1.28e-10,-1.70e-09,5.27e-09
863,0.00e+00,0.00e+00,0.00e+00,0.00e+00
864,4.78e-09,-9.40e-10,-5.37e-10,4.65e-09
865,6.36e-09,-9.84e-10,-6.45e-10,6.26e-09
866,4.82e-09,-6.25e-10,-4.74e-10,4.75e-09
867,0.00e+00,0.00e+00,0.00e+00,0.00e+00
868,3.86e-09,-5.76e-10,9.03e-10,3.71e-09
869,4.50e-09,-6.75e-10,1.14e-09,4.30e-09
870,3.21e-09,-1.00e-09,4.81e-10,3.01e-09
871,0.00e+00,0.00e+00,0.00e+00,0.00e+00
872,2.65e-09,-2.88e-10,2.28e-09,1.31e-09
873,2.56e-09,-3.65e-10,1.90e-09,1.67e-09
874,1.56e-09,-2.96e-10,1.09e-09,1.08e-09
875,0.00e+00,0.00e+00,0.00e+00,0.00e+00
876,2.29e-09,2.26e-10,1.77e-09,-1.44e-09
877,2.84e-09,2.61e-10,2.30e-09,-1.66e-09
878,1.59e-09,4.00e-10,1.08e-09,-1.10e-09
879,0.00e+00,0.00e+00,0.00e+00,0.00e+00
880,3.90e-09,7.85e-10,1.14e-09,-3.65e-09
881,4.88e-09,9.25e-10,8.48e-10,-4.71e-09
882,3.24e-09,6.91e-10,4.38e-10,-3.14e-09
883,0.00e+00,0.00e+00,0.00e+00,0.00e+00
884,4.71e-09,5.24e-10,-4.04e-10,-4.66e-09
885,5.69e-09,4.87e-10,-7.92e-10,-5.61e-09
886,4.46e-09,8.25e-10,-5.94e-10,-4.35e-09
887,0.00e+00,0.00e+00,0.00e+00,0.00e+00
888,4.22e-09,2.35e-10,-1.70e-09,-3.85e-09
889,5.76e-09,8.06e-11,-1.92e-09,-5.43e-09
890,5.28e-09,-2.73e-10,-1.61e-09,-5.03e-09
891,0.00e+00,0.00e+00,0.00e+00,0.00e+00
892,3.38e-09,-1.32e-10,-1.73e-09,-2.90e-09
893,5.20e-09,-4.79e-10,-2.70e-09,-4.42e-09
894,5.40e-09,-3.87e-10,-2.52e-09,-4.76e-09
895,0.00e+00,0.00e+00,0.00e+00,0.00e+00
896,2.77e-09,-5.03e-11,-1.73e-09,-2.17e-09
897,4.38e-09,-2.62e-10,-2.68e-09,-3.45e-09
898,5.07e-09,-4.87e-10,-3.10e-09,-3.98e-09
899,0.00e+00,0.00e+00,0.00e+00,0.00e+00
900,2.37e-09,7.42e-11,-1.58e-09,-1.76e-09
901,3.99e-09,2.36e-11,-2.66e-09,-2.97e-09
902,4.77e-09,1.10e-10,-3.27e-09,-3.47e-09
903,0.00e+00,0.00e+00,0.00e+00,0.00e+00
904,2.63e-09,7.15e-10,-1.59e-09,-1.97e-09
905,4.33e-09,8.30e-10,-2.71e-09,-3.27e-09
906,5.12e-09,7.90e-10,-3.35e-09,-3.80e-09
907,0.00e+00,0.00e+00,0.00e+00,0.00e+00
908,2.19e-09,-7.01e-10,-1.18e-09,1.71e-09
909,3.81e-09,-9.59e-10,-2.01e-09,3.09e-09
910,4.64e-09,-1.02e-09,-2.48e-09,3.78e-09
911,0.00e+00,0.00e+00,0.00e+00,0.00e+00
912,2.00e-09,-2.55e-10,-1.09e-09,1.65e-09
913,3.44e-09,-3.71e-10,-1.88e-09,2.85e-09
914,4.28e-09,-4.93e-10,-2.34e-09,3.55e-09
915,0.00e+00,0.00e+00,0.00e+00,0.00e+00
916,2.07e-09,-9.28e-11,-1.07e-09,1.77e-09
917,3.61e-09,-1.49e-10,-1.75e-09,3.16e-09
918,4.42e-09,-1.31e-10,-2.09e-09,3.89e-09
919,0.00e+00,0.00e+00,0.00e+00,0.00e+00
920,2.47e-09,-7.17e-11,-9.34e-10,2.28e-09
921,4.00e-09,-7.99e-12,-1.53e-09,3.70e-09
922,4.71e-09,-1.36e-10,-1.56e-09,4.44e-09
923,0.00e+00,0.00e+00,0.00e+00,0.00e+00
924,2.69e-09,-1.16e-10,-7.01e-10,2.59e-09
925,4.29e-09,-1.66e-10,-8.67e-10,4.20e-09
926,4.76e-09,-1.27e-10,-8.28e-10,4.68e-09
927,0.00e+00,0.00e+00,0.00e+00,0.00e+00
928,2.87e-09,-2.15e-10,2.01e-11,2.87e-09
929,4.00e-09,-2.18e-10,-6.49e-12,4.00e-09
930,4.22e-09,-3.99e-10,6.28e-12,4.20e-09
931,0.00e+00,0.00e+00,0.00e+00,0.00e+00
932,2.17e-09,-1.80e-10,8.23e-10,2.00e-09
933,3.12e-09,-2.57e-10,8.93e-10,2.98e-09
934,3.04e-09,-2.29e-10,7.97e-10,2.93e-09
935,0.00e+00,0.00e+00,0.00e+00,0.00e+00
936,1.39e-09,-6.68e-11,1.15e-09,7.76e-10
937,1.90e-09,-7.28e-11,1.60e-09,1.02e-09
938,1.58e-09,-1.39e-10,1.21e-09,1.00e-09
939,0.00e+00,0.00e+00,0.00e+00,0.00e+00
940,1.53e-09,6.55e-11,1.33e-09,-7.64e-10
941,1.82e-09,9.23e-11,1.43e-09,-1.12e-09
942,1.61e-09,8.04e-11,1.21e-09,-1.07e-09
943,0.00e+00,0.00e+00,0.00e+00,0.00e+00
944,2.26e-09,1.68e-10,6.81e-10,-2.15e-09
945,3.01e-09,1.71e-10,9.39e-10,-2.86e-09
946,2.96e-09,3.32e-10,7.39e-10,-2.85e-09
947,0.00e+00,0.00e+00,0.00e+00,0.00e+00
948,2.62e-09,1.89e-10,-3.80e-11,-2.61e-09
949,4.00e-09,2.35e-10,-2.49e-11,-3.99e-09
950,4.12e-09,1.73e-10,2.47e-11,-4.11e-09
951,0.00e+00,0.00e+00,0.00e+00,0.00e+00
952,2.71e-09,9.27e-11,-5.89e-10,-2.64e-09
953,4.10e-09,2.37e-11,-9.32e-10,-3.99e-09
954,4.62e-09,1.85e-10,-8.38e-10,-4.54e-09
955,0.00e+00,0.00e+00,0.00e+00,0.00e+00
956,2.36e-09,5.54e-11,-9.90e-10,-2.14e-09
957,3.92e-09,6.12e-11,-1.43e-09,-3.65e-09
958,4.61e-09,1.24e-11,-1.56e-09,-4.33e-09
959,0.00e+00,0.00e+00,0.00e+00,0.00e+00
960,2.10e-09,9.57e-11,-1.03e-09,-1.83e-09
961,3.56e-09,7.80e-11,-1.76e-09,-3.09e-09
962,4.35e-09,1.95e-10,-2.04e-09,-3.83e-09
963,0.00e+00,0.00e+00,0.00e+00,0.00e+00
964,1.87e-09,2.08e-10,-1.02e-09,-1.56e-09
965,3.42e-09,3.95e-10,-1.86e-09,-2.84e-09
966,4.26e-09,4.52e-10,-2.35e-09,-3.53e-09
967,0.00e+00,0.00e+00,0.00e+00,0.00e+00
968,2.27e-09,6.88e-10,-1.23e-09,-1.78e-09
969,3.75e-09,9.76e-10,-1.96e-09,-3.05e-09
970,4.61e-09,1.05e-09,-2.47e-09,-3.74e-09
971,0.00e+00,0.00e+00,0.00e+00,0.00e+00
972,2.49e-09,-1.23e-09,-1.10e-09,1.86e-09
973,3.85e-09,-1.71e-09,-1.69e-09,3.01e-09
974,4.68e-09,-1.77e-09,-2.14e-09,3.77e-09
975,0.00e+00,0.00e+00,0.00e+00,0.00e+00
976,2.05e-09,-8.45e-10,-8.80e-10,1.64e-09
977,3.49e-09,-1.15e-09,-1.63e-09,2.86e-09
978,4.31e-09,-1.23e-09,-2.06e-09,3.58e-09
979,0.00e+00,0.00e+00,0.00e+00,0.00e+00
980,2.17e-09,-7.26e-10,-8.87e-10,1.85e-09
981,3.52e-09,-9.59e-10,-1.55e-09,3.01e-09
982,4.35e-09,-1.08e-09,-1.80e-09,3.81e-09
983,0.00e+00,0.00e+00,0.00e+00,0.00e+00
984,2.26e-09,-7.45e-10,-7.83e-10,1.99e-09
985,3.71e-09,-9.56e-10,-1.17e-09,3.39e-09
986,4.52e-09,-1.02e-09,-1.32e-09,4.20e-09
987,0.00e+00,0.00e+00,0.00e+00,0.00e+00
988,2.45e-09,-7.58e-10,-3.16e-10,2.30e-09
989,3.74e-09,-9.33e-10,-5.10e-10,3.58e-09
990,4.49e-09,-1.10e-09,-4.68e-10,4.32e-09
991,0.00e+00,0.00e+00,0.00e+00,0.00e+00
992,2.25e-09,-6.92e-10,3.56e-10,2.11e-09
993,3.53e-09,-8.99e-10,5.23e-10,3.37e-09
994,4.09e-09,-9.99e-10,5.53e-10,3.93e-09
995,0.00e+00,0.00e+00,0.00e+00,0.00e+00
996,1.99e-09,-4.98e-10,1.04e-09,1.62e-09
997,2.88e-09,-5.91e-10,1.56e-09,2.35e-09
998,3.11e-09,-7.15e-10,1.44e-09,2.65e-09
999,0.00e+00,0.00e+00,0.00e+00,0.00e+00
1000,1.70e-09,-1.70e-10,1.60e-09,5.46e-10
1001,2.25e-09,-2.24e-10,2.07e-09,8.47e-10
1002,2.25e-09,-2.52e-10,2.02e-09,9.60e-10
1003,0.00e+00,0.00e+00,0.00e+00,0.00e+00
1004,1.58e-09,1.77e-10,1.45e-09,-6.01e-10
1005,2.32e-09,2.05e-10,2.15e-09,-8.58e-10
1006,2.19e-09,2.52e-10,1.96e-09,-9.59e-10
1007,0.00e+00,0.00e+00,0.00e+00,0.00e+00
1008,1.92e-09,4.64e-10,1.08e-09,-1.51e-09
1009,2.83e-09,6.06e-10,1.44e-09,-2.36e-09
1010,3.13e-09,6.83e-10,1.44e-09,-2.69e-09
1011,0.00e+00,0.00e+00,0.00e+00,0.00e+00
1012,2.30e-09,6.69e-10,3.17e-10,-2.17e-09
1013,3.35e-09,7.93e-10,4.88e-10,-3.22e-09
1014,3.91e-09,9.57e-10,5.01e-10,-3.75e-09
1015,0.00e+00,0.00e+00,0.00e+00,0.00e+00
1016,2.26e-09,7.06e-10,-3.58e-10,-2.11e-09
1017,3.65e-09,9.20e-10,-4.63e-10,-3.50e-09
1018,4.39e-09,1.01e-09,-4.80e-10,-4.24e-09
1019,0.00e+00,0.00e+00,0.00e+00,0.00e+00
1020,2.28e-09,7.12e-10,-7.14e-10,-2.05e-09
1021,3.61e-09,8.97e-10,-1.20e-09,-3.29e-09
1022,4.42e-09,1.04e-09,-1.27e-09,-4.10e-09
1023,0.00e+00,0.00e+00,0.00e+00,0.00e+00
1024,2.07e-09,7.41e-10,-8.92e-10,-1.72e-09
1025,3.47e-09,9.53e-10,-1.49e-09,-2.98e-09
1026,4.27e-09,1.00e-09,-1.81e-09,-3.73e-09
1027,0.00e+00,0.00e+00,0.00e+00,0.00e+00
1028,2.12e-09,8.29e-10,-9.37e-10,-1.71e-09
1029,3.44e-09,1.17e-09,-1.61e-09,-2.80e-09
1030,4.26e-09,1.25e-09,-2.01e-09,-3.54e-09
1031,0.00e+00,0.00e+00,0.00e+00,0.00e+00
1032,2.43e-09,1.28e-09,-1.06e-09,-1.77e-09
1033,3.83e-09,1.63e-09,-1.70e-09,-3.02e-09
1034,4.59e-09,1.71e-09,-2.09e-09,-3.71e-09
1036,3.53e-07,-3.11e-07,-1.42e-07,-8.68e-08
1037,6.01e-07,-4.88e-07,-3.36e-07,-1.03e-07
1038,8.65e-07,-6.47e-07,-5.63e-07,-1.10e-07
1039,1.18e-06,-7.91e-07,-8.76e-07,-1.03e-07
1040,1.54e-06,-9.27e-07,-1.22e-06,-1.02e-07
1041,1.95e-06,-1.05e-06,-1.64e-06,-9.16e-08
1042,2.39e-06,-1.17e-06,-2.09e-06,-8.84e-08
1043,2.89e-06,-1.27e-06,-2.60e-06,-7.84e-08
1044,3.41e-06,-1.37e-06,-3.13e-06,-7.43e-08
1045,3.98e-06,-1.45e-06,-3.71e-06,-6.48e-08
1046,4.57e-06,-1.53e-06,-4.31e-06,-5.99e-08
1047,5.20e-06,-1.60e-06,-4.94e-06,-5.07e-08
1048,5.84e-06,-1.65e-06,-5.60e-06,-4.47e-08
1049,6.50e-06,-1.69e-06,-6.28e-06,-3.57e-08
1050,7.18e-06,-1.73e-06,-6.97e-06,-2.88e-08
1051,7.86e-06,-1.75e-06,-7.67e-06,-2.21e-08
1052,8.55e-06,-1.76e-06,-8.37e-06,-1.77e-08
1053,9.23e-06,-1.76e-06,-9.06e-06,-1.69e-08
1055,2.36e-07,-1.97e-07,-1.18e-07,-5.39e-08
1056,4.09e-07,-2.89e-07,-2.82e-07,-6.54e-08
1057,6.60e-07,-3.79e-07,-5.36e-07,-6.75e-08
1058,9.54e-07,-4.66e-07,-8.30e-07,-6.62e-08
1059,1.32e-06,-5.46e-07,-1.20e-06,-6.30e-08
1060,1.72e-06,-6.22e-07,-1.60e-06,-5.93e-08
1061,2.18e-06,-6.90e-07,-2.07e-06,-5.54e-08
1062,2.67e-06,-7.55e-07,-2.56e-06,-5.13e-08
1063,3.21e-06,-8.11e-07,-3.11e-06,-4.73e-08
1064,3.78e-06,-8.63e-07,-3.68e-06,-4.31e-08
1065,4.39e-06,-9.08e-07,-4.29e-06,-3.89e-08
1066,5.02e-06,-9.48e-07,-4.92e-06,-3.46e-08
1067,5.67e-06,-9.81e-07,-5.59e-06,-3.03e-08
1068,6.35e-06,-1.01e-06,-6.26e-06,-2.59e-08
1069,7.04e-06,-1.03e-06,-6.96e-06,-2.22e-08
1070,7.73e-06,-1.05e-06,-7.66e-06,-1.93e-08
1071,8.43e-06,-1.05e-06,-8.37e-06,-1.85e-08
1072,9.12e-06,-1.05e-06,-9.06e-06,-1.85e-08
1074,1.14e-07,-6.49e-08,-9.19e-08,-1.81e-08
1075,2.91e-07,-9.64e-08,-2.74e-07,-2.30e-08
1076,5.23e-07,-1.26e-07,-5.07e-07,-2.45e-08
1077,8.36e-07,-1.54e-07,-8.21e-07,-2.42e-08
1078,1.19e-06,-1.81e-07,-1.17e-06,-2.37e-08
1079,1.61e-06,-2.06e-07,-1.59e-06,-2.27e-08
1080,2.06e-06,-2.30e-07,-2.05e-06,-2.18e-08
1081,2.57e-06,-2.50e-07,-2.56e-06,-2.07e-08
1082,3.10e-06,-2.70e-07,-3.09e-06,-1.97e-08
1083,3.69e-06,-2.87e-07,-3.68e-06,-1.86e-08
1084,4.29e-06,-3.02e-07,-4.28e-06,-1.76e-08
1085,4.93e-06,-3.15e-07,-4.92e-06,-1.64e-08
1086,5.59e-06,-3.27e-07,-5.58e-06,-1.54e-08
1087,6.27e-06,-3.38e-07,-6.26e-06,-1.47e-08
1088,6.96e-06,-3.49e-07,-6.96e-06,-1.45e-08
1089,7.67e-06,-3.56e-07,-7.66e-06,-1.60e-08
1090,8.38e-06,-3.62e-07,-8.37e-06,-1.91e-08
1091,9.08e-06,-3.58e-07,-9.07e-06,-2.39e-08
1093,1.22e-07,6.48e-08,-1.02e-07,1.62e-08
1094,2.80e-07,9.34e-08,-2.63e-07,1.91e-08
1095,5.32e-07,1.23e-07,-5.17e-07,1.90e-08
1096,8.27e-07,1.52e-07,-8.12e-07,1.81e-08
1097,1.20e-06,1.78e-07,-1.18e-06,1.62e-08
1098,1.60e-06,2.04e-07,-1.59e-06,1.43e-08
1099,2.07e-06,2.27e-07,-2.05e-06,1.22e-08
1100,2.56e-06,2.48e-07,-2.55e-06,1.01e-08
1101,3.11e-06,2.67e-07,-3.10e-06,8.03e-09
1102,3.68e-06,2.84e-07,-3.67e-06,6.05e-09
1103,4.29e-06,2.99e-07,-4.28e-06,4.01e-09
1104,4.93e-06,3.12e-07,-4.92e-06,2.09e-09
1105,5.59e-06,3.22e-07,-5.58e-06,-5.90e-11
1106,6.26e-06,3.29e-07,-6.26e-06,-2.31e-09
1107,6.96e-06,3.31e-07,-6.95e-06,-6.09e-09
1108,7.67e-06,3.30e-07,-7.66e-06,-1.11e-08
1109,8.39e-06,3.31e-07,-8.38e-06,-2.00e-08
1110,9.10e-06,3.33e-07,-9.10e-06,-3.12e-08
1112,2.17e-07,1.86e-07,-1.02e-07,4.71e-08
1113,4.13e-07,2.85e-07,-2.93e-07,6.08e-08
1114,6.50e-07,3.77e-07,-5.26e-07,6.24e-08
1115,9.60e-07,4.62e-07,-8.39e-07,5.98e-08
1116,1.31e-06,5.44e-07,-1.19e-06,5.57e-08
1117,1.72e-06,6.18e-07,-1.61e-06,5.09e-08
1118,2.17e-06,6.88e-07,-2.06e-06,4.58e-08
1119,2.68e-06,7.51e-07,-2.57e-06,4.07e-08
1120,3.21e-06,8.09e-07,-3.10e-06,3.55e-08
1121,3.78e-06,8.60e-07,-3.69e-06,3.05e-08
1122,4.38e-06,9.06e-07,-4.29e-06,2.55e-08
1123,5.02e-06,9.44e-07,-4.93e-06,2.06e-08
1124,5.67e-06,9.78e-07,-5.58e-06,1.57e-08
1125,6.34e-06,1.00e-06,-6.26e-06,1.04e-08
1126,7.03e-06,1.02e-06,-6.95e-06,4.49e-09
1127,7.74e-06,1.03e-06,-7.67e-06,-5.42e-09
1128,8.47e-06,1.03e-06,-8.40e-06,-1.77e-08
1129,9.23e-06,1.06e-06,-9.17e-06,-3.85e-08
1131,3.64e-07,3.16e-07,-1.60e-07,8.19e-08
1132,5.95e-07,4.89e-07,-3.22e-07,1.04e-07
1133,8.68e-07,6.43e-07,-5.75e-07,1.00e-07
1134,1.18e-06,7.89e-07,-8.65e-07,1.01e-07
1135,1.54e-06,9.23e-07,-1.23e-06,9.04e-08
1136,1.94e-06,1.05e-06,-1.63e-06,8.68e-08
1137,2.40e-06,1.16e-06,-2.10e-06,7.55e-08
1138,2.88e-06,1.27e-06,-2.59e-06,7.07e-08
1139,3.42e-06,1.37e-06,-3.13e-06,6.00e-08
1140,3.98e-06,1.45e-06,-3.70e-06,5.45e-08
1141,4.57e-06,1.53e-06,-4.31e-06,4.45e-08
1142,5.19e-06,1.59e-06,-4.94e-06,3.88e-08
1143,5.84e-06,1.65e-06,-5.60e-06,2.97e-08
1144,6.49e-06,1.70e-06,-6.27e-06,2.38e-08
1145,7.18e-06,1.73e-06,-6.97e-06,1.37e-08
1146,7.87e-06,1.77e-06,-7.67e-06,3.00e-09
1147,8.62e-06,1.80e-06,-8.42e-06,-2.20e-08
1148,9.44e-06,1.83e-06,-9.27e-06,-5.63e-08
1150,3.79e-07,-3.29e-07,-1.82e-07,-4.68e-08
1151,6.07e-07,-4.90e-07,-3.54e-07,-5.90e-08
1152,8.88e-07,-6.45e-07,-6.07e-07,-6.53e-08
1153,1.20e-06,-7.93e-07,-8.97e-07,-6.42e-08
1154,1.57e-06,-9.28e-07,-1.26e-06,-6.21e-08
1155,1.97e-06,-1.06e-06,-1.66e-06,-5.81e-08
1156,2.42e-06,-1.17e-06,-2.12e-06,-5.47e-08
1157,2.91e-06,-1.28e-06,-2.61e-06,-5.03e-08
1158,3.44e-06,-1.37e-06,-3.15e-06,-4.68e-08
1159,4.00e-06,-1.46e-06,-3.72e-06,-4.23e-08
1160,4.59e-06,-1.53e-06,-4.33e-06,-3.86e-08
1161,5.21e-06,-1.60e-06,-4.95e-06,-3.40e-08
1162,5.85e-06,-1.65e-06,-5.61e-06,-2.98e-08
1163,6.51e-06,-1.70e-06,-6.28e-06,-2.50e-08
1164,7.18e-06,-1.73e-06,-6.97e-06,-2.09e-08
1165,7.87e-06,-1.75e-06,-7.67e-06,-1.73e-08
1166,8.55e-06,-1.76e-06,-8.37e-06,-1.52e-08
1167,9.22e-06,-1.76e-06,-9.06e-06,-1.52e-08
1169,2.33e-07,-1.92e-07,-1.29e-07,-2.65e-08
1170,4.35e-07,-2.87e-07,-3.24e-07,-3.76e-08
1171,6.76e-07,-3.79e-07,-5.58e-07,-4.10e-08
1172,9.89e-07,-4.66e-07,-8.71e-07,-4.06e-08
1173,1.34e-06,-5.48e-07,-1.22e-06,-3.94e-08
1174,1.75e-06,-6.23e-07,-1.64e-06,-3.71e-08
1175,2.20e-06,-6.93e-07,-2.09e-06,-3.51e-08
1176,2.70e-06,-7.56e-07,-2.59e-06,-3.28e-08
1177,3.23e-06,-8.14e-07,-3.13e-06,-3.07e-08
1178,3.80e-06,-8.65e-07,-3.70e-06,-2.83e-08
1179,4.40e-06,-9.11e-07,-4.31e-06,-2.61e-08
1180,5.03e-06,-9.50e-07,-4.94e-06,-2.36e-08
1181,5.68e-06,-9.84e-07,-5.60e-06,-2.13e-08
1182,6.36e-06,-1.01e-06,-6.28e-06,-1.89e-08
1183,7.04e-06,-1.03e-06,-6.97e-06,-1.67e-08
1184,7.74e-06,-1.04e-06,-7.67e-06,-1.54e-08
1185,8.43e-06,-1.05e-06,-8.37e-06,-1.50e-08
1186,9.12e-06,-1.05e-06,-9.06e-06,-1.58e-08
1188,1.45e-07,-6.86e-08,-1.27e-07,-1.06e-08
1189,3.10e-07,-9.49e-08,-2.95e-07,-1.38e-08
1190,5.64e-07,-1.25e-07,-5.50e-07,-1.55e-08
1191,8.59e-07,-1.55e-07,-8.44e-07,-1.58e-08
1192,1.23e-06,-1.81e-07,-1.21e-06,-1.56e-08
1193,1.63e-06,-2.07e-07,-1.62e-06,-1.53e-08
1194,2.09e-06,-2.30e-07,-2.08e-06,-1.50e-08
1195,2.59e-06,-2.51e-07,-2.57e-06,-1.46e-08
1196,3.13e-06,-2.70e-07,-3.12e-06,-1.42e-08
1197,3.70e-06,-2.87e-07,-3.69e-06,-1.37e-08
1198,4.31e-06,-3.02e-07,-4.30e-06,-1.33e-08
1199,4.94e-06,-3.16e-07,-4.93e-06,-1.28e-08
1200,5.60e-06,-3.28e-07,-5.59e-06,-1.24e-08
1201,6.28e-06,-3.38e-07,-6.27e-06,-1.20e-08
1202,6.97e-06,-3.47e-07,-6.96e-06,-1.22e-08
1203,7.67e-06,-3.55e-07,-7.67e-06,-1.30e-08
1204,8.38e-06,-3.56e-07,-8.37e-06,-1.53e-08
1205,9.07e-06,-3.56e-07,-9.07e-06,-1.79e-08
1207,1.35e-07,6.50e-08,-1.19e-07,6.81e-09
1208,3.19e-07,9.44e-08,-3.05e-07,9.87e-09
1209,5.54e-07,1.24e-07,-5.40e-07,1.03e-08
1210,8.67e-07,1.53e-07,-8.54e-07,9.49e-09
1211,1.22e-06,1.80e-07,-1.20e-06,8.29e-09
1212,1.64e-06,2.05e-07,-1.62e-06,6.86e-09
1213,2.09e-06,2.28e-07,-2.07e-06,5.41e-09
1214,2.59e-06,2.49e-07,-2.58e-06,3.94e-09
1215,3.13e-06,2.69e-07,-3.11e-06,2.48e-09
1216,3.71e-06,2.86e-07,-3.69e-06,1.06e-09
1217,4.31e-06,3.01e-07,-4.30e-06,-3.44e-10
1218,4.94e-06,3.13e-07,-4.93e-06,-1.71e-09
1219,5.60e-06,3.24e-07,-5.59e-06,-3.07e-09
1220,6.28e-06,3.31e-07,-6.27e-06,-4.72e-09
1221,6.97e-06,3.36e-07,-6.96e-06,-6.71e-09
1222,7.67e-06,3.37e-07,-7.67e-06,-1.03e-08
1223,8.39e-06,3.35e-07,-8.38e-06,-1.45e-08
1224,9.10e-06,3.47e-07,-9.10e-06,-2.12e-08
1226,2.47e-07,2.01e-07,-1.42e-07,2.52e-08
1227,4.23e-07,2.85e-07,-3.12e-07,3.29e-08
1228,6.83e-07,3.77e-07,-5.68e-07,3.54e-08
1229,9.80e-07,4.65e-07,-8.62e-07,3.46e-08
1230,1.35e-06,5.46e-07,-1.23e-06,3.18e-08
1231,1.74e-06,6.22e-07,-1.63e-06,2.89e-08
1232,2.20e-06,6.91e-07,-2.09e-06,2.54e-08
1233,2.69e-06,7.55e-07,-2.59e-06,2.23e-08
1234,3.23e-06,8.12e-07,-3.13e-06,1.89e-08
1235,3.80e-06,8.64e-07,-3.70e-06,1.57e-08
1236,4.40e-06,9.09e-07,-4.31e-06,1.25e-08
1237,5.03e-06,9.49e-07,-4.94e-06,9.43e-09
1238,5.68e-06,9.81e-07,-5.60e-06,6.23e-09
1239,6.35e-06,1.01e-06,-6.27e-06,3.11e-09
1240,7.04e-06,1.03e-06,-6.96e-06,-1.08e-09
1241,7.74e-06,1.04e-06,-7.67e-06,-6.25e-09
1242,8.46e-06,1.05e-06,-8.40e-06,-1.47e-08
1243,9.21e-06,1.06e-06,-9.14e-06,-1.97e-08
1245,3.56e-07,3.14e-07,-1.63e-07,3.74e-08
1246,6.10e-07,4.86e-07,-3.65e-07,5.68e-08
1247,8.80e-07,6.45e-07,-5.96e-07,5.95e-08
1248,1.20e-06,7.90e-07,-9.07e-07,5.86e-08
1249,1.56e-06,9.28e-07,-1.25e-06,5.42e-08
1250,1.97e-06,1.05e-06,-1.67e-06,5.01e-08
1251,2.42e-06,1.17e-06,-2.11e-06,4.47e-08
1252,2.91e-06,1.27e-06,-2.62e-06,4.01e-08
1253,3.43e-06,1.37e-06,-3.15e-06,3.47e-08
1254,4.00e-06,1.46e-06,-3.72e-06,3.01e-08
1255,4.59e-06,1.53e-06,-4.32e-06,2.48e-08
1256,5.21e-06,1.60e-06,-4.96e-06,2.03e-08
1257,5.84e-06,1.65e-06,-5.61e-06,1.54e-08
1258,6.51e-06,1.70e-06,-6.28e-06,1.06e-08
1259,7.18e-06,1.74e-06,-6.97e-06,4.59e-09
1260,7.88e-06,1.78e-06,-7.68e-06,-3.77e-09
1261,8.60e-06,1.81e-06,-8.41e-06,-1.92e-08
1262,9.42e-06,1.85e-06,-9.24e-06,-3.69e-08
1264,3.68e-07,-3.24e-07,-1.74e-07,-1.43e-08
1265,6.21e-07,-4.91e-07,-3.79e-07,-2.08e-08
1266,8.90e-07,-6.46e-07,-6.12e-07,-2.30e-08
1267,1.22e-06,-7.91e-07,-9.22e-07,-2.34e-08
1268,1.57e-06,-9.29e-07,-1.27e-06,-2.31e-08
1269,1.99e-06,-1.05e-06,-1.68e-06,-2.22e-08
1270,2.43e-06,-1.17e-06,-2.13e-06,-2.14e-08
1271,2.92e-06,-1.28e-06,-2.63e-06,-2.03e-08
1272,3.44e-06,-1.37e-06,-3.16e-06,-1.95e-08
1273,4.01e-06,-1.46e-06,-3.73e-06,-1.84e-08
1274,4.60e-06,-1.53e-06,-4.33e-06,-1.74e-08
1275,5.22e-06,-1.60e-06,-4.97e-06,-1.63e-08
1276,5.85e-06,-1.65e-06,-5.61e-06,-1.52e-08
1277,6.51e-06,-1.70e-06,-6.29e-06,-1.41e-08
1278,7.19e-06,-1.73e-06,-6.97e-06,-1.30e-08
1279,7.87e-06,-1.75e-06,-7.67e-06,-1.23e-08
1280,8.55e-06,-1.76e-06,-8.37e-06,-1.21e-08
1281,9.22e-06,-1.76e-06,-9.06e-06,-1.23e-08
1283,2.57e-07,-2.06e-07,-1.53e-07,-9.75e-09
1284,4.34e-07,-2.87e-07,-3.26e-07,-1.30e-08
1285,6.96e-07,-3.79e-07,-5.84e-07,-1.52e-08
1286,9.94e-07,-4.66e-07,-8.77e-07,-1.56e-08
1287,1.36e-06,-5.47e-07,-1.24e-06,-1.55e-08
1288,1.76e-06,-6.24e-07,-1.64e-06,-1.52e-08
1289,2.22e-06,-6.93e-07,-2.11e-06,-1.49e-08
1290,2.71e-06,-7.57e-07,-2.60e-06,-1.44e-08
1291,3.25e-06,-8.14e-07,-3.14e-06,-1.41e-08
1292,3.81e-06,-8.66e-07,-3.71e-06,-1.37e-08
1293,4.41e-06,-9.11e-07,-4.32e-06,-1.33e-08
1294,5.04e-06,-9.51e-07,-4.95e-06,-1.28e-08
1295,5.69e-06,-9.83e-07,-5.61e-06,-1.24e-08
1296,6.36e-06,-1.01e-06,-6.28e-06,-1.19e-08
1297,7.05e-06,-1.03e-06,-6.97e-06,-1.17e-08
1298,7.74e-06,-1.04e-06,-7.67e-06,-1.16e-08
1299,8.43e-06,-1.05e-06,-8.37e-06,-1.19e-08
1300,9.12e-06,-1.05e-06,-9.06e-06,-1.26e-08
1302,1.46e-07,-6.76e-08,-1.29e-07,-4.28e-09
1303,3.33e-07,-9.60e-08,-3.19e-07,-5.93e-09
1304,5.69e-07,-1.25e-07,-5.55e-07,-6.86e-09
1305,8.83e-07,-1.54e-07,-8.69e-07,-7.34e-09
1306,1.23e-06,-1.81e-07,-1.22e-06,-7.70e-09
1307,1.65e-06,-2.06e-07,-1.64e-06,-7.91e-09
1308,2.10e-06,-2.30e-07,-2.09e-06,-8.18e-09
1309,2.60e-06,-2.51e-07,-2.59e-06,-8.38e-09
1310,3.14e-06,-2.70e-07,-3.12e-06,-8.64e-09
1311,3.72e-06,-2.87e-07,-3.70e-06,-8.84e-09
1312,4.32e-06,-3.02e-07,-4.30e-06,-9.06e-09
1313,4.95e-06,-3.16e-07,-4.94e-06,-9.25e-09
1314,5.60e-06,-3.27e-07,-5.60e-06,-9.44e-09
1315,6.28e-06,-3.37e-07,-6.27e-06,-9.70e-09
1316,6.97e-06,-3.46e-07,-6.96e-06,-1.01e-08
1317,7.68e-06,-3.52e-07,-7.67e-06,-1.08e-08
1318,8.38e-06,-3.56e-07,-8.37e-06,-1.17e-08
1319,9.08e-06,-3.52e-07,-9.07e-06,-1.31e-08
1321,1.54e-07,6.93e-08,-1.38e-07,1.27e-09
1322,3.23e-07,9.43e-08,-3.09e-07,1.62e-09
1323,5.78e-07,1.24e-07,-5.65e-07,1.59e-09
1324,8.73e-07,1.54e-07,-8.60e-07,1.07e-09
1325,1.24e-06,1.81e-07,-1.23e-06,2.74e-10
1326,1.64e-06,2.06e-07,-1.63e-06,-5.16e-10
1327,2.11e-06,2.29e-07,-2.09e-06,-1.39e-09
1328,2.60e-06,2.50e-07,-2.59e-06,-2.22e-09
1329,3.14e-06,2.69e-07,-3.13e-06,-3.09e-09
1330,3.71e-06,2.87e-07,-3.70e-06,-3.91e-09
1331,4.32e-06,3.02e-07,-4.31e-06,-4.75e-09
1332,4.95e-06,3.15e-07,-4.94e-06,-5.53e-09
1333,5.61e-06,3.25e-07,-5.60e-06,-6.38e-09
1334,6.28e-06,3.33e-07,-6.27e-06,-7.20e-09
1335,6.97e-06,3.38e-07,-6.96e-06,-8.34e-09
1336,7.68e-06,3.39e-07,-7.67e-06,-9.71e-09
1337,8.39e-06,3.42e-07,-8.38e-06,-1.16e-08
1338,9.10e-06,3.45e-07,-9.09e-06,-1.30e-08
1340,2.41e-07,1.97e-07,-1.38e-07,6.47e-09
1341,4.44e-07,2.88e-07,-3.38e-07,9.37e-09
1342,6.87e-07,3.78e-07,-5.73e-07,9.75e-09
1343,1.00e-06,4.65e-07,-8.87e-07,9.34e-09
1344,1.35e-06,5.48e-07,-1.24e-06,8.09e-09
1345,1.77e-06,6.23e-07,-1.65e-06,6.79e-09
1346,2.21e-06,6.93e-07,-2.10e-06,5.26e-09
1347,2.71e-06,7.56e-07,-2.60e-06,3.88e-09
1348,3.24e-06,8.14e-07,-3.14e-06,2.36e-09
1349,3.81e-06,8.65e-07,-3.71e-06,9.78e-10
1350,4.41e-06,9.11e-07,-4.31e-06,-4.95e-10
1351,5.04e-06,9.50e-07,-4.95e-06,-1.85e-09
1352,5.69e-06,9.84e-07,-5.60e-06,-3.25e-09
1353,6.36e-06,1.01e-06,-6.28e-06,-4.70e-09
1354,7.04e-06,1.03e-06,-6.96e-06,-6.38e-09
1355,7.74e-06,1.05e-06,-7.67e-06,-8.66e-09
1356,8.46e-06,1.05e-06,-8.39e-06,-1.16e-08
1357,9.20e-06,1.07e-06,-9.14e-06,-1.38e-08
1359,3.87e-07,3.35e-07,-1.94e-07,1.16e-08
1360,6.13e-07,4.90e-07,-3.68e-07,1.56e-08
1361,8.97e-07,6.45e-07,-6.22e-07,1.78e-08
1362,1.21e-06,7.92e-07,-9.13e-07,1.73e-08
1363,1.58e-06,9.27e-07,-1.28e-06,1.56e-08
1364,1.98e-06,1.05e-06,-1.67e-06,1.39e-08
1365,2.43e-06,1.17e-06,-2.13e-06,1.17e-08
1366,2.92e-06,1.28e-06,-2.62e-06,9.81e-09
1367,3.45e-06,1.37e-06,-3.16e-06,7.67e-09
1368,4.00e-06,1.46e-06,-3.73e-06,5.73e-09
1369,4.60e-06,1.53e-06,-4.34e-06,3.65e-09
1370,5.21e-06,1.60e-06,-4.96e-06,1.78e-09
1371,5.85e-06,1.65e-06,-5.62e-06,-2.42e-10
1372,6.51e-06,1.70e-06,-6.28e-06,-2.19e-09
1373,7.19e-06,1.74e-06,-6.98e-06,-4.67e-09
1374,7.88e-06,1.78e-06,-7.68e-06,-8.49e-09
1375,8.60e-06,1.81e-06,-8.41e-06,-1.32e-08
1376,9.37e-06,1.83e-06,-9.19e-06,-1.73e-08
1378,3.87e-07,-3.35e-07,-1.94e-07,1.16e-08
1379,6.13e-07,-4.90e-07,-3.68e-07,1.56e-08
1380,8.97e-07,-6.45e-07,-6.22e-07,1.78e-08
1381,1.21e-06,-7.92e-07,-9.13e-07,1.73e-08
1382,1.58e-06,-9.27e-07,-1.28e-06,1.56e-08
1383,1.98e-06,-1.05e-06,-1.67e-06,1.39e-08
1384,2.43e-06,-1.17e-06,-2.13e-06,1.17e-08
1385,2.92e-06,-1.28e-06,-2.62e-06,9.82e-09
1386,3.45e-06,-1.37e-06,-3.16e-06,7.66e-09
1387,4.00e-06,-1.46e-06,-3.73e-06,5.67e-09
1388,4.60e-06,-1.53e-06,-4.34e-06,3.49e-09
1389,5.21e-06,-1.60e-06,-4.96e-06,1.39e-09
1390,5.86e-06,-1.65e-06,-5.62e-06,-8.55e-10
1391,6.51e-06,-1.70e-06,-6.29e-06,-3.08e-09
1392,7.19e-06,-1.73e-06,-6.98e-06,-5.24e-09
1393,7.87e-06,-1.75e-06,-7.67e-06,-7.10e-09
1394,8.55e-06,-1.76e-06,-8.37e-06,-8.50e-09
1395,9.22e-06,-1.76e-06,-9.06e-06,-9.15e-09
1397,2.41e-07,-1.97e-07,-1.38e-07,6.47e-09
1398,4.44e-07,-2.88e-07,-3.38e-07,9.37e-09
1399,6.87e-07,-3.78e-07,-5.73e-07,9.75e-09
1400,1.00e-06,-4.65e-07,-8.87e-07,9.34e-09
1401,1.35e-06,-5.48e-07,-1.24e-06,8.09e-09
1402,1.77e-06,-6.23e-07,-1.65e-06,6.79e-09
1403,2.21e-06,-6.93e-07,-2.10e-06,5.27e-09
1404,2.71e-06,-7.56e-07,-2.60e-06,3.88e-09
1405,3.24e-06,-8.14e-07,-3.14e-06,2.35e-09
1406,3.81e-06,-8.65e-07,-3.71e-06,9.34e-10
1407,4.41e-06,-9.11e-07,-4.31e-06,-6.22e-10
1408,5.04e-06,-9.49e-07,-4.95e-06,-2.09e-09
1409,5.69e-06,-9.83e-07,-5.60e-06,-3.69e-09
1410,6.36e-06,-1.01e-06,-6.28e-06,-5.17e-09
1411,7.04e-06,-1.03e-06,-6.97e-06,-6.66e-09
1412,7.74e-06,-1.04e-06,-7.67e-06,-7.80e-09
1413,8.43e-06,-1.05e-06,-8.37e-06,-8.66e-09
1414,9.12e-06,-1.05e-06,-9.06e-06,-9.09e-09
1416,1.54e-07,-6.93e-08,-1.38e-07,1.27e-09
1417,3.23e-07,-9.43e-08,-3.09e-07,1.62e-09
1418,5.78e-07,-1.24e-07,-5.65e-07,1.59e-09
1419,8.73e-07,-1.54e-07,-8.60e-07,1.07e-09
1420,1.24e-06,-1.81e-07,-1.23e-06,2.76e-10
1421,1.64e-06,-2.06e-07,-1.63e-06,-5.13e-10
1422,2.11e-06,-2.29e-07,-2.09e-06,-1.39e-09
1423,2.60e-06,-2.50e-07,-2.59e-06,-2.22e-09
1424,3.14e-06,-2.69e-07,-3.13e-06,-3.10e-09
1425,3.71e-06,-2.87e-07,-3.70e-06,-3.95e-09
1426,4.32e-06,-3.02e-07,-4.31e-06,-4.84e-09
1427,4.95e-06,-3.15e-07,-4.94e-06,-5.73e-09
1428,5.61e-06,-3.26e-07,-5.60e-06,-6.61e-09
1429,6.28e-06,-3.37e-07,-6.27e-06,-7.48e-09
1430,6.97e-06,-3.45e-07,-6.97e-06,-8.16e-09
1431,7.67e-06,-3.52e-07,-7.67e-06,-8.65e-09
1432,8.38e-06,-3.54e-07,-8.37e-06,-8.69e-09
1433,9.07e-06,-3.53e-07,-9.07e-06,-8.69e-09
1435,1.46e-07,6.76e-08,-1.29e-07,-4.28e-09
1436,3.33e-07,9.60e-08,-3.19e-07,-5.93e-09
1437,5.69e-07,1.25e-07,-5.55e-07,-6.86e-09
1438,8.83e-07,1.54e-07,-8.69e-07,-7.34e-09
1439,1.23e-06,1.81e-07,-1.22e-06,-7.70e-09
1440,1.65e-06,2.06e-07,-1.64e-06,-7.91e-09
1441,2.10e-06,2.30e-07,-2.09e-06,-8.18e-09
1442,2.60e-06,2.51e-07,-2.59e-06,-8.39e-09
1443,3.14e-06,2.70e-07,-3.12e-06,-8.65e-09
1444,3.72e-06,2.87e-07,-3.70e-06,-8.88e-09
1445,4.32e-06,3.02e-07,-4.30e-06,-9.16e-09
1446,4.95e-06,3.15e-07,-4.94e-06,-9.41e-09
1447,5.60e-06,3.26e-07,-5.59e-06,-9.72e-09
1448,6.28e-06,3.34e-07,-6.27e-06,-9.88e-09
1449,6.97e-06,3.39e-07,-6.96e-06,-9.98e-09
1450,7.68e-06,3.41e-07,-7.67e-06,-9.56e-09
1451,8.39e-06,3.39e-07,-8.38e-06,-8.99e-09
1452,9.10e-06,3.51e-07,-9.09e-06,-7.86e-09
1454,2.57e-07,2.06e-07,-1.53e-07,-9.75e-09
1455,4.34e-07,2.87e-07,-3.26e-07,-1.30e-08
1456,6.96e-07,3.79e-07,-5.84e-07,-1.52e-08
1457,9.94e-07,4.66e-07,-8.77e-07,-1.56e-08
1458,1.36e-06,5.47e-07,-1.24e-06,-1.55e-08
1459,1.76e-06,6.24e-07,-1.64e-06,-1.52e-08
1460,2.22e-06,6.93e-07,-2.11e-06,-1.49e-08
1461,2.71e-06,7.57e-07,-2.60e-06,-1.44e-08
1462,3.25e-06,8.14e-07,-3.14e-06,-1.41e-08
1463,3.81e-06,8.66e-07,-3.71e-06,-1.37e-08
1464,4.41e-06,9.11e-07,-4.32e-06,-1.34e-08
1465,5.04e-06,9.51e-07,-4.94e-06,-1.31e-08
1466,5.69e-06,9.84e-07,-5.60e-06,-1.28e-08
1467,6.35e-06,1.01e-06,-6.27e-06,-1.24e-08
1468,7.04e-06,1.03e-06,-6.97e-06,-1.18e-08
1469,7.74e-06,1.05e-06,-7.67e-06,-1.06e-08
1470,8.46e-06,1.06e-06,-8.39e-06,-8.84e-09
1471,9.20e-06,1.06e-06,-9.14e-06,-7.38e-09
1473,3.68e-07,3.24e-07,-1.74e-07,-1.43e-08
1474,6.21e-07,4.91e-07,-3.79e-07,-2.08e-08
1475,8.90e-07,6.46e-07,-6.12e-07,-2.30e-08
1476,1.22e-06,7.91e-07,-9.22e-07,-2.34e-08
1477,1.57e-06,9.29e-07,-1.27e-06,-2.31e-08
1478,1.99e-06,1.05e-06,-1.68e-06,-2.22e-08
1479,2.43e-06,1.17e-06,-2.13e-06,-2.14e-08
1480,2.92e-06,1.28e-06,-2.63e-06,-2.03e-08
1481,3.44e-06,1.37e-06,-3.16e-06,-1.95e-08
1482,4.01e-06,1.46e-06,-3.73e-06,-1.84e-08
1483,4.59e-06,1.53e-06,-4.33e-06,-1.76e-08
1484,5.22e-06,1.60e-06,-4.96e-06,-1.67e-08
1485,5.85e-06,1.66e-06,-5.61e-06,-1.59e-08
1486,6.51e-06,1.70e-06,-6.29e-06,-1.49e-08
1487,7.19e-06,1.74e-06,-6.97e-06,-1.36e-08
1488,7.88e-06,1.78e-06,-7.68e-06,-1.14e-08
1489,8.59e-06,1.81e-06,-8.40e-06,-7.40e-09
1490,9.41e-06,1.85e-06,-9.23e-06,-4.44e-09
1492,3.56e-07,-3.14e-07,-1.63e-07,3.74e-08
1493,6.10e-07,-4.86e-07,-3.65e-07,5.68e-08
1494,8.80e-07,-6.45e-07,-5.96e-07,5.95e-08
1495,1.20e-06,-7.90e-07,-9.06e-07,5.86e-08
1496,1.56e-06,-9.28e-07,-1.25e-06,5.42e-08
1497,1.97e-06,-1.05e-06,-1.67e-06,5.01e-08
1498,2.42e-06,-1.17e-06,-2.11e-06,4.47e-08
1499,2.91e-06,-1.27e-06,-2.62e-06,4.02e-08
1500,3.43e-06,-1.37e-06,-3.15e-06,3.46e-08
1501,4.00e-06,-1.46e-06,-3.73e-06,2.99e-08
1502,4.59e-06,-1.53e-06,-4.32e-06,2.43e-08
1503,5.21e-06,-1.60e-06,-4.96e-06,1.93e-08
1504,5.85e-06,-1.65e-06,-5.61e-06,1.35e-08
1505,6.51e-06,-1.70e-06,-6.29e-06,8.13e-09
1506,7.18e-06,-1.73e-06,-6.97e-06,2.48e-09
1507,7.87e-06,-1.75e-06,-7.67e-06,-2.11e-09
1508,8.55e-06,-1.76e-06,-8.37e-06,-5.19e-09
1509,9.22e-06,-1.76e-06,-9.06e-06,-6.69e-09
1511,2.47e-07,-2.01e-07,-1.42e-07,2.52e-08
1512,4.23e-07,-2.85e-07,-3.12e-07,3.29e-08
1513,6.83e-07,-3.77e-07,-5.68e-07,3.54e-08
1514,9.80e-07,-4.65e-07,-8.62e-07,3.46e-08
1515,1.35e-06,-5.46e-07,-1.23e-06,3.18e-08
1516,1.74e-06,-6.22e-07,-1.63e-06,2.89e-08
1517,2.20e-06,-6.91e-07,-2.09e-06,2.55e-08
1518,2.69e-06,-7.55e-07,-2.59e-06,2.23e-08
1519,3.23e-06,-8.12e-07,-3.13e-06,1.89e-08
1520,3.80e-06,-8.64e-07,-3.70e-06,1.56e-08
1521,4.40e-06,-9.09e-07,-4.31e-06,1.21e-08
1522,5.03e-06,-9.49e-07,-4.94e-06,8.73e-09
1523,5.68e-06,-9.81e-07,-5.60e-06,5.16e-09
1524,6.35e-06,-1.01e-06,-6.27e-06,1.67e-09
1525,7.04e-06,-1.03e-06,-6.97e-06,-1.47e-09
1526,7.74e-06,-1.04e-06,-7.67e-06,-4.10e-09
1527,8.43e-06,-1.05e-06,-8.37e-06,-5.36e-09
1528,9.12e-06,-1.05e-06,-9.06e-06,-5.73e-09
1530,1.35e-07,-6.50e-08,-1.19e-07,6.81e-09
1531,3.19e-07,-9.44e-08,-3.05e-07,9.87e-09
1532,5.54e-07,-1.24e-07,-5.40e-07,1.03e-08
1533,8.67e-07,-1.53e-07,-8.54e-07,9.49e-09
1534,1.22e-06,-1.80e-07,-1.20e-06,8.30e-09
1535,1.64e-06,-2.05e-07,-1.62e-06,6.87e-09
1536,2.09e-06,-2.28e-07,-2.07e-06,5.42e-09
1537,2.59e-06,-2.49e-07,-2.58e-06,3.94e-09
1538,3.13e-06,-2.69e-07,-3.11e-06,2.45e-09
1539,3.71e-06,-2.86e-07,-3.69e-06,9.44e-10
1540,4.31e-06,-3.01e-07,-4.30e-06,-5.95e-10
1541,4.95e-06,-3.14e-07,-4.94e-06,-2.16e-09
1542,5.60e-06,-3.26e-07,-5.59e-06,-3.74e-09
1543,6.28e-06,-3.36e-07,-6.27e-06,-5.09e-09
1544,6.97e-06,-3.45e-07,-6.96e-06,-6.21e-09
1545,7.67e-06,-3.52e-07,-7.67e-06,-6.20e-09
1546,8.38e-06,-3.56e-07,-8.37e-06,-5.62e-09
1547,9.08e-06,-3.52e-07,-9.07e-06,-3.58e-09
1549,1.45e-07,6.86e-08,-1.27e-07,-1.06e-08
1550,3.10e-07,9.49e-08,-2.95e-07,-1.38e-08
1551,5.64e-07,1.25e-07,-5.50e-07,-1.55e-08
1552,8.59e-07,1.55e-07,-8.44e-07,-1.58e-08
1553,1.23e-06,1.81e-07,-1.21e-06,-1.56e-08
1554,1.63e-06,2.07e-07,-1.62e-06,-1.53e-08
1555,2.09e-06,2.30e-07,-2.08e-06,-1.49e-08
1556,2.59e-06,2.51e-07,-2.57e-06,-1.46e-08
1557,3.13e-06,2.70e-07,-3.12e-06,-1.42e-08
1558,3.70e-06,2.88e-07,-3.69e-06,-1.39e-08
1559,4.31e-06,3.02e-07,-4.30e-06,-1.35e-08
1560,4.94e-06,3.15e-07,-4.93e-06,-1.33e-08
1561,5.60e-06,3.25e-07,-5.59e-06,-1.29e-08
1562,6.27e-06,3.33e-07,-6.27e-06,-1.25e-08
1563,6.97e-06,3.37e-07,-6.96e-06,-1.13e-08
1564,7.67e-06,3.38e-07,-7.67e-06,-9.43e-09
1565,8.39e-06,3.41e-07,-8.38e-06,-5.48e-09
1566,9.10e-06,3.43e-07,-9.09e-06,-2.53e-09
1568,2.33e-07,1.92e-07,-1.29e-07,-2.65e-08
1569,4.35e-07,2.87e-07,-3.24e-07,-3.76e-08
1570,6.76e-07,3.79e-07,-5.58e-07,-4.10e-08
1571,9.89e-07,4.66e-07,-8.71e-07,-4.06e-08
1572,1.34e-06,5.48e-07,-1.22e-06,-3.94e-08
1573,1.75e-06,6.23e-07,-1.64e-06,-3.71e-08
1574,2.20e-06,6.93e-07,-2.09e-06,-3.51e-08
1575,2.70e-06,7.56e-07,-2.59e-06,-3.28e-08
1576,3.23e-06,8.14e-07,-3.13e-06,-3.07e-08
1577,3.80e-06,8.65e-07,-3.70e-06,-2.85e-08
1578,4.40e-06,9.11e-07,-4.30e-06,-2.64e-08
1579,5.03e-06,9.50e-07,-4.94e-06,-2.43e-08
1580,5.68e-06,9.84e-07,-5.59e-06,-2.24e-08
1581,6.35e-06,1.01e-06,-6.27e-06,-2.01e-08
1582,7.04e-06,1.03e-06,-6.96e-06,-1.73e-08
1583,7.74e-06,1.04e-06,-7.67e-06,-1.23e-08
1584,8.46e-06,1.05e-06,-8.40e-06,-6.37e-09
1585,9.21e-06,1.07e-06,-9.14e-06,3.00e-09
1587,3.79e-07,3.29e-07,-1.82e-07,-4.68e-08
1588,6.07e-07,4.90e-07,-3.54e-07,-5.90e-08
1589,8.88e-07,6.45e-07,-6.07e-07,-6.53e-08
1590,1.20e-06,7.93e-07,-8.97e-07,-6.42e-08
1591,1.57e-06,9.28e-07,-1.26e-06,-6.21e-08
1592,1.97e-06,1.06e-06,-1.66e-06,-5.80e-08
1593,2.42e-06,1.17e-06,-2.12e-06,-5.47e-08
1594,2.91e-06,1.28e-06,-2.61e-06,-5.03e-08
1595,3.44e-06,1.37e-06,-3.15e-06,-4.68e-08
1596,4.00e-06,1.46e-06,-3.72e-06,-4.25e-08
1597,4.59e-06,1.53e-06,-4.33e-06,-3.90e-08
1598,5.20e-06,1.60e-06,-4.95e-06,-3.50e-08
1599,5.85e-06,1.65e-06,-5.61e-06,-3.16e-08
1600,6.51e-06,1.70e-06,-6.28e-06,-2.77e-08
1601,7.19e-06,1.74e-06,-6.97e-06,-2.31e-08
1602,7.88e-06,1.78e-06,-7.67e-06,-1.49e-08
1603,8.61e-06,1.81e-06,-8.41e-06,-3.33e-09
1604,9.39e-06,1.83e-06,-9.21e-06,9.68e-09
1606,3.64e-07,-3.16e-07,-1.60e-07,8.19e-08
1607,5.95e-07,-4.89e-07,-3.22e-07,1.04e-07
1608,8.68e-07,-6.43e-07,-5.75e-07,1.00e-07
1609,1.18e-06,-7.89e-07,-8.65e-07,1.01e-07
1610,1.54e-06,-9.23e-07,-1.23e-06,9.04e-08
1611,1.94e-06,-1.05e-06,-1.63e-06,8.68e-08
1612,2.40e-06,-1.16e-06,-2.10e-06,7.56e-08
1613,2.88e-06,-1.27e-06,-2.59e-06,7.07e-08
1614,3.42e-06,-1.37e-06,-3.13e-06,5.99e-08
1615,3.98e-06,-1.45e-06,-3.70e-06,5.44e-08
1616,4.57e-06,-1.53e-06,-4.31e-06,4.39e-08
1617,5.19e-06,-1.59e-06,-4.94e-06,3.75e-08
1618,5.84e-06,-1.65e-06,-5.60e-06,2.72e-08
1619,6.50e-06,-1.69e-06,-6.27e-06,1.95e-08
1620,7.18e-06,-1.72e-06,-6.97e-06,1.01e-08
1621,7.86e-06,-1.75e-06,-7.67e-06,2.52e-09
1622,8.55e-06,-1.75e-06,-8.37e-06,-2.45e-09
1623,9.22e-06,-1.76e-06,-9.06e-06,-5.16e-09
1625,2.17e-07,-1.86e-07,-1.02e-07,4.71e-08
1626,4.13e-07,-2.85e-07,-2.93e-07,6.08e-08
1627,6.50e-07,-3.77e-07,-5.26e-07,6.24e-08
1628,9.60e-07,-4.62e-07,-8.39e-07,5.98e-08
1629,1.31e-06,-5.44e-07,-1.19e-06,5.57e-08
1630,1.72e-06,-6.18e-07,-1.61e-06,5.09e-08
1631,2.17e-06,-6.88e-07,-2.06e-06,4.58e-08
1632,2.68e-06,-7.51e-07,-2.57e-06,4.07e-08
1633,3.21e-06,-8.09e-07,-3.10e-06,3.55e-08
1634,3.78e-06,-8.60e-07,-3.69e-06,3.03e-08
1635,4.38e-06,-9.06e-07,-4.29e-06,2.50e-08
1636,5.02e-06,-9.44e-07,-4.93e-06,1.97e-08
1637,5.67e-06,-9.79e-07,-5.58e-06,1.42e-08
1638,6.35e-06,-1.01e-06,-6.27e-06,8.84e-09
1639,7.04e-06,-1.03e-06,-6.96e-06,3.78e-09
1640,7.73e-06,-1.04e-06,-7.66e-06,8.40e-11
1641,8.43e-06,-1.05e-06,-8.37e-06,-2.32e-09
1642,9.12e-06,-1.05e-06,-9.06e-06,-2.76e-09
1644,1.22e-07,-6.48e-08,-1.02e-07,1.62e-08
1645,2.80e-07,-9.34e-08,-2.63e-07,1.91e-08
1646,5.32e-07,-1.23e-07,-5.17e-07,1.90e-08
1647,8.27e-07,-1.52e-07,-8.12e-07,1.81e-08
1648,1.20e-06,-1.78e-07,-1.18e-06,1.62e-08
1649,1.60e-06,-2.04e-07,-1.59e-06,1.43e-08
1650,2.07e-06,-2.26e-07,-2.05e-06,1.22e-08
1651,2.56e-06,-2.48e-07,-2.55e-06,1.01e-08
1652,3.11e-06,-2.67e-07,-3.10e-06,7.96e-09
1653,3.68e-06,-2.84e-07,-3.67e-06,5.88e-09
1654,4.29e-06,-2.99e-07,-4.28e-06,3.65e-09
1655,4.93e-06,-3.13e-07,-4.92e-06,1.47e-09
1656,5.59e-06,-3.24e-07,-5.58e-06,-6.62e-10
1657,6.27e-06,-3.35e-07,-6.26e-06,-2.58e-09
1658,6.97e-06,-3.45e-07,-6.96e-06,-3.60e-09
1659,7.67e-06,-3.55e-07,-7.66e-06,-3.59e-09
1660,8.38e-06,-3.57e-07,-8.37e-06,-1.10e-09
1661,9.07e-06,-3.57e-07,-9.07e-06,1.89e-09
1663,1.14e-07,6.49e-08,-9.19e-08,-1.81e-08
1664,2.91e-07,9.64e-08,-2.74e-07,-2.30e-08
1665,5.23e-07,1.26e-07,-5.07e-07,-2.45e-08
1666,8.36e-07,1.54e-07,-8.21e-07,-2.42e-08
1667,1.19e-06,1.81e-07,-1.17e-06,-2.37e-08
1668,1.61e-06,2.06e-07,-1.59e-06,-2.27e-08
1669,2.06e-06,2.30e-07,-2.05e-06,-2.18e-08
1670,2.57e-06,2.50e-07,-2.56e-06,-2.07e-08
1671,3.10e-06,2.70e-07,-3.09e-06,-1.98e-08
1672,3.69e-06,2.87e-07,-3.68e-06,-1.88e-08
1673,4.29e-06,3.02e-07,-4.28e-06,-1.79e-08
1674,4.93e-06,3.15e-07,-4.92e-06,-1.70e-08
1675,5.59e-06,3.25e-07,-5.58e-06,-1.61e-08
1676,6.27e-06,3.31e-07,-6.26e-06,-1.46e-08
1677,6.96e-06,3.35e-07,-6.95e-06,-1.25e-08
1678,7.67e-06,3.34e-07,-7.66e-06,-7.81e-09
1679,8.39e-06,3.29e-07,-8.39e-06,-1.36e-09
1680,9.11e-06,3.42e-07,-9.10e-06,9.08e-09
1682,2.36e-07,1.97e-07,-1.18e-07,-5.39e-08
1683,4.09e-07,2.89e-07,-2.82e-07,-6.54e-08
1684,6.60e-07,3.79e-07,-5.36e-07,-6.75e-08
1685,9.54e-07,4.66e-07,-8.30e-07,-6.62e-08
1686,1.32e-06,5.46e-07,-1.20e-06,-6.30e-08
1687,1.72e-06,6.22e-07,-1.60e-06,-5.93e-08
1688,2.18e-06,6.90e-07,-2.07e-06,-5.54e-08
1689,2.67e-06,7.55e-07,-2.56e-06,-5.13e-08
1690,3.21e-06,8.11e-07,-3.11e-06,-4.73e-08
1691,3.78e-06,8.64e-07,-3.68e-06,-4.33e-08
1692,4.39e-06,9.08e-07,-4.29e-06,-3.94e-08
1693,5.01e-06,9.48e-07,-4.92e-06,-3.56e-08
1694,5.67e-06,9.80e-07,-5.58e-06,-3.17e-08
1695,6.34e-06,1.01e-06,-6.26e-06,-2.77e-08
1696,7.03e-06,1.03e-06,-6.96e-06,-2.21e-08
1697,7.73e-06,1.04e-06,-7.67e-06,-1.44e-08
1698,8.47e-06,1.04e-06,-8.40e-06,-1.48e-09
1699,9.22e-06,1.04e-06,-9.16e-06,1.39e-08
1701,3.53e-07,3.11e-07,-1.42e-07,-8.68e-08
1702,6.01e-07,4.88e-07,-3.36e-07,-1.03e-07
1703,8.65e-07,6.47e-07,-5.63e-07,-1.10e-07
1704,1.18e-06,7.91e-07,-8.76e-07,-1.03e-07
1705,1.54e-06,9.27e-07,-1.22e-06,-1.02e-07
1706,1.95e-06,1.05e-06,-1.64e-06,-9.16e-08
1707,2.39e-06,1.17e-06,-2.09e-06,-8.83e-08
1708,2.89e-06,1.27e-06,-2.60e-06,-7.84e-08
1709,3.41e-06,1.37e-06,-3.13e-06,-7.43e-08
1710,3.98e-06,1.45e-06,-3.71e-06,-6.50e-08
1711,4.57e-06,1.53e-06,-4.31e-06,-6.05e-08
1712,5.19e-06,1.60e-06,-4.94e-06,-5.20e-08
1713,5.83e-06,1.65e-06,-5.59e-06,-4.74e-08
1714,6.50e-06,1.70e-06,-6.27e-06,-3.94e-08
1715,7.17e-06,1.74e-06,-6.96e-06,-3.37e-08
1716,7.88e-06,1.77e-06,-7.68e-06,-2.00e-08
1717,8.60e-06,1.80e-06,-8.41e-06,-9.39e-10
1718,9.51e-06,1.86e-06,-9.33e-06,5.28e-08
