Node ID,fx,fy,fz
7,7.39e-13,9.09e-13,-1.73e-12
8,6.11e-13,1.22e-12,6.82e-13
9,-1.40e-12,2.19e-12,1.14e-12
10,-1.62e-12,1.36e-12,-2.81e-12
11,2.21e+01,8.60e+00,1.09e+01
12,3.55e-15,6.66e-15,3.29e-14
13,1.78e-15,1.32e-14,4.93e-14
14,7.11e-15,-2.00e-15,-2.93e-14
15,4.61e+01,6.87e+00,2.16e+01
16,-7.11e-15,-2.47e-14,-5.68e-14
17,3.55e-15,3.64e-14,1.13e-13
18,5.33e-15,-1.33e-14,5.33e-15
19,2.60e+01,5.76e+00,1.71e+01
20,-7.11e-15,-1.78e-14,2.18e-14
21,1.78e-15,7.99e-15,1.07e-13
22,1.42e-14,1.78e-15,-4.53e-14
23,4.36e+01,7.20e+00,2.56e+01
24,1.07e-14,-1.11e-15,1.95e-14
25,1.78e-14,-7.11e-15,1.07e-13
26,0.00e+00,3.55e-15,2.49e-14
27,2.73e+01,2.31e+00,1.94e+01
28,-7.11e-15,8.88e-16,-7.11e-15
29,-3.55e-15,-7.22e-16,-2.13e-14
30,-1.42e-14,3.22e-15,-2.49e-14
31,4.21e+01,-7.45e+00,3.30e+01
32,1.42e-14,3.11e-15,1.56e-13
33,-1.78e-15,-2.31e-14,2.49e-14
34,2.49e-14,-6.66e-15,9.50e-14
35,1.86e+01,-6.99e+00,1.35e+01
36,7.11e-15,7.11e-15,-7.11e-15
37,-1.33e-14,-5.33e-15,1.78e-15
38,1.07e-14,-3.20e-14,3.97e-14
39,1.11e+01,-2.33e+01,9.76e+00
40,-1.78e-15,0.00e+00,-2.66e-14
41,-1.24e-14,-7.11e-15,-1.60e-14
42,-8.88e-16,1.24e-14,-9.99e-15
43,-6.79e+00,-1.03e+01,-4.90e+00
44,1.07e-14,-2.13e-14,8.88e-16
45,8.88e-16,-6.93e-14,-8.88e-15
46,-7.11e-15,-1.78e-14,-1.03e-14
47,-3.11e+01,-1.78e+01,-2.58e+01
48,7.11e-15,-3.73e-14,1.15e-14
49,1.95e-14,5.33e-14,2.13e-14
50,-1.78e-15,-1.60e-14,3.38e-14
51,-2.70e+01,-2.30e+00,-1.92e+01
52,1.42e-14,8.88e-15,1.42e-13
53,-5.33e-15,-1.07e-14,3.20e-14
54,-2.84e-14,3.55e-14,4.22e-14
55,-4.60e+01,1.66e+00,-3.15e+01
56,-1.07e-14,-2.66e-15,-4.00e-14
57,2.84e-14,-3.38e-14,-5.68e-14
58,-1.07e-14,-3.22e-15,-3.55e-14
59,-2.76e+01,5.06e+00,-1.89e+01
60,-7.11e-15,3.02e-14,9.68e-14
61,1.60e-14,5.77e-15,-3.55e-14
62,0.00e+00,1.78e-15,-9.06e-14
63,-4.39e+01,9.33e+00,-2.23e+01
64,0.00e+00,8.88e-16,4.71e-14
65,-1.42e-14,2.49e-14,-3.73e-14
66,7.11e-15,-1.11e-15,-1.87e-14
67,-2.79e+01,5.69e+00,-1.74e+01
68,-1.42e-14,-1.51e-14,-8.88e-16
69,-1.60e-14,-5.91e-15,-1.07e-13
70,-1.42e-14,-1.62e-14,5.24e-14
71,-3.50e+01,1.18e+01,-1.58e+01
72,3.55e-15,-8.44e-15,1.42e-14
73,1.95e-14,-1.33e-14,-1.91e-14
74,1.07e-14,1.63e-14,-1.42e-14
75,4.00e+01,1.58e+01,1.83e+01
76,-9.40e-17,-1.22e-14,-3.51e-14
77,-6.00e-15,1.64e-14,1.71e-13
78,-1.19e-14,1.67e-16,-6.93e-14
79,9.39e+00,1.31e+01,2.01e+01
80,8.44e-15,-7.19e-14,1.42e-14
81,-2.12e-14,0.00e+00,-1.28e-13
82,1.20e-14,-4.60e-14,7.46e-14
83,2.36e+01,2.17e+01,3.32e+01
84,1.51e-17,-2.70e-14,4.38e-14
85,3.55e-15,4.97e-14,-1.82e-13
86,-1.55e-15,3.21e-14,-8.88e-15
87,2.51e+00,1.28e+01,2.77e+01
88,-2.13e-14,2.13e-14,4.26e-14
89,4.63e-15,-4.37e-14,-1.63e-13
90,1.42e-14,7.73e-14,2.49e-13
91,3.34e+01,1.45e+01,6.60e+01
92,-4.99e-15,2.93e-14,1.87e-14
93,-2.13e-14,-4.97e-14,6.08e-13
94,0.00e+00,6.45e-15,8.88e-15
95,8.56e+00,4.91e-01,3.38e+01
96,-3.55e-14,-1.33e-14,-1.24e-13
97,-1.27e-15,-1.46e-14,-2.00e-13
98,4.26e-14,-8.88e-16,-1.19e-13
99,4.02e+01,-1.74e+01,7.19e+01
100,3.29e-15,2.67e-15,2.84e-14
101,-4.26e-14,4.26e-14,1.17e-13
102,8.88e-15,-1.95e-14,-9.82e-14
103,2.96e+00,-1.72e+01,9.87e+00
104,1.07e-14,9.95e-14,-7.99e-14
105,1.14e-15,-9.61e-15,-4.66e-16
106,3.55e-15,-7.99e-15,1.58e-14
107,-1.48e+01,-2.97e+01,-2.59e+01
108,-2.90e-15,1.13e-15,5.07e-15
109,0.00e+00,-9.95e-14,5.33e-15
110,4.11e-15,4.26e-14,5.13e-15
111,-8.16e+00,-1.06e+01,-2.58e+01
112,-7.11e-15,-7.11e-15,-1.74e-13
113,-1.61e-14,-2.27e-14,-1.99e-13
114,-1.42e-14,7.64e-14,-1.10e-13
115,-5.21e+01,-4.66e-01,-9.10e+01
116,-1.77e-14,7.26e-14,-8.34e-15
117,7.11e-15,-5.75e-14,1.71e-13
118,3.11e-14,-4.01e-14,-1.51e-14
119,-5.23e+00,9.05e+00,-3.35e+01
120,-3.55e-14,-1.07e-14,2.45e-13
121,7.15e-15,2.57e-14,-4.19e-14
122,-1.42e-14,1.02e-14,-8.88e-15
123,-2.70e+01,2.18e+01,-4.85e+01
124,-5.77e-16,-2.12e-15,1.51e-14
125,-1.24e-14,6.04e-14,-6.04e-14
126,-2.66e-15,-3.26e-14,-4.97e-14
127,-4.20e+00,1.38e+01,-2.29e+01
128,-3.55e-15,-2.13e-14,-1.21e-13
129,1.34e-14,-7.83e-15,-2.88e-14
130,-8.88e-15,9.77e-15,-9.24e-14
131,-3.21e+01,1.60e+01,-2.82e+01
132,3.24e-15,-1.04e-14,-6.51e-15
133,4.09e-14,-9.50e-14,-8.88e-14
134,-9.10e-15,1.07e-14,2.13e-14
135,-2.22e+01,1.33e+01,-1.11e+01
136,1.42e-14,1.24e-14,1.33e-14
137,-2.89e-16,-1.78e-14,-5.33e-15
138,-1.91e-14,1.57e-14,-4.26e-14
139,2.47e+01,1.60e+01,1.27e+01
140,-1.95e-14,5.77e-14,1.78e-15
141,-1.46e-14,9.77e-15,-8.88e-15
142,-1.51e-14,6.55e-15,-8.53e-14
143,2.59e+01,2.64e+01,4.13e+01
144,2.85e-16,2.87e-14,-1.29e-14
145,-1.07e-14,-9.59e-14,3.73e-14
146,1.93e-14,2.14e-14,1.55e-14
147,-2.27e+00,2.24e+01,2.80e+01
148,3.20e-14,-1.31e-13,-2.36e-13
149,1.76e-14,-2.60e-15,-8.89e-14
150,-2.49e-14,2.49e-14,-1.07e-14
151,4.05e+01,4.75e+01,8.40e+01
152,-6.82e-15,-3.77e-14,5.65e-14
153,0.00e+00,7.82e-14,8.53e-14
154,1.24e-14,-6.66e-14,-9.37e-14
155,1.06e+01,2.20e+01,4.97e+01
156,-1.42e-14,1.28e-13,-1.03e-13
157,-3.26e-15,-3.76e-14,-8.14e-14
158,-4.26e-14,1.16e-13,-1.07e-13
159,1.46e+02,1.74e+01,2.14e+02
160,-7.07e-15,-1.46e-14,-2.22e-15
161,4.26e-14,-1.24e-13,-2.56e-13
162,-2.31e-14,1.75e-15,-3.91e-14
163,3.55e+01,-1.47e+01,4.71e+01
164,-1.42e-14,7.11e-14,-8.53e-14
165,3.57e-15,6.66e-15,-3.19e-14
166,1.42e-14,8.88e-15,2.27e-13
167,4.92e+01,-6.10e+01,6.95e+01
168,4.50e-15,-3.66e-14,-6.90e-15
169,0.00e+00,-1.42e-14,2.84e-14
170,-2.29e-14,2.02e-14,-1.07e-14
171,-1.30e+01,-2.94e+01,-1.70e+01
172,-4.26e-14,-4.26e-14,-1.21e-13
173,3.45e-15,7.54e-14,-4.37e-14
174,2.13e-14,8.88e-16,-6.75e-14
175,-1.26e+02,-3.31e+01,-1.77e+02
176,4.72e-16,3.80e-14,3.72e-14
177,-2.84e-14,-1.28e-13,-1.56e-13
178,-8.88e-16,7.47e-14,-2.13e-14
179,-4.25e+01,6.94e+00,-6.02e+01
180,0.00e+00,1.42e-14,7.96e-13
181,-2.78e-14,6.76e-14,1.10e-13
182,8.53e-14,6.04e-14,-8.53e-14
183,-8.18e+01,4.73e+01,-1.37e+02
184,-1.18e-14,-2.91e-14,-1.39e-13
185,-3.55e-14,-7.11e-14,1.07e-14
186,1.07e-14,-1.27e-14,1.51e-14
187,-7.55e-01,2.47e+01,-3.87e+01
188,-1.42e-14,6.39e-14,-2.82e-13
189,4.57e-15,-4.06e-14,-1.04e-13
190,0.00e+00,-3.55e-15,-1.84e-13
191,-2.43e+01,4.11e+01,-5.43e+01
192,6.00e-15,-3.45e-14,1.73e-15
193,0.00e+00,1.49e-13,1.85e-13
194,-1.91e-14,5.06e-14,-1.24e-14
195,-3.88e+00,1.96e+01,-2.33e+01
196,-1.07e-14,1.22e-13,9.24e-14
197,-4.75e-15,7.46e-14,-2.11e-14
198,2.93e-14,4.77e-14,-1.95e-14
199,-4.44e+01,1.98e+01,-2.70e+01
200,-7.14e-15,-5.77e-15,-7.11e-15
201,-1.15e-14,6.13e-14,-7.11e-14
202,-8.19e-15,1.18e-14,2.49e-14
203,5.60e+01,2.86e+01,3.05e+01
204,-2.32e-16,2.20e-14,5.33e-15
205,-4.09e-14,1.78e-15,-8.53e-14
206,-4.66e-15,-2.31e-14,-2.13e-14
207,2.40e+00,3.01e+01,2.60e+01
208,-3.69e-14,-3.55e-15,-1.39e-13
209,-1.26e-15,-2.80e-14,8.44e-14
210,1.64e-14,-1.33e-15,-1.44e-13
211,4.42e+01,7.90e+01,7.05e+01
212,1.61e-15,1.15e-14,2.99e-14
213,4.97e-14,3.20e-13,2.27e-13
214,-2.44e-14,-9.99e-15,-1.27e-13
215,1.39e+01,4.68e+01,5.38e+01
216,3.55e-14,-1.42e-13,4.69e-13
217,-8.45e-15,5.43e-14,2.67e-14
218,-2.84e-14,-1.14e-13,3.91e-14
219,2.15e+02,1.31e+02,2.47e+02
220,1.09e-14,-2.37e-14,-2.30e-13
221,-2.13e-14,-9.95e-13,5.83e-13
222,3.55e-15,-2.21e-14,2.27e-13
223,1.68e+02,2.11e+01,1.13e+02
224,2.84e-13,7.82e-14,1.71e-13
225,-1.60e-13,-5.23e-14,-2.55e-13
226,1.14e-13,-1.39e-13,1.14e-13
227,3.42e+02,-8.03e+01,3.71e+02
228,-6.51e-14,-2.79e-15,2.51e-13
229,-9.24e-14,0.00e+00,2.56e-13
230,1.35e-13,3.38e-14,-2.27e-13
231,5.90e+01,-5.71e+01,3.61e+01
232,5.68e-14,2.27e-13,-1.85e-13
233,-5.34e-14,-1.39e-15,-8.01e-14
234,-9.95e-14,-1.28e-13,5.68e-14
235,-1.25e+02,-1.69e+02,-1.34e+02
236,1.72e-14,-1.63e-13,-4.24e-15
237,-2.49e-14,-3.41e-13,4.48e-13
238,1.07e-14,7.74e-14,5.68e-14
239,-1.49e+02,-2.80e+01,-9.18e+01
240,8.53e-14,2.42e-13,7.11e-13
241,1.50e-13,-1.66e-13,-9.22e-14
242,-1.14e-13,9.95e-14,-1.71e-13
243,-3.98e+02,5.69e+01,-4.39e+02
244,3.89e-14,-2.75e-14,-3.13e-14
245,-1.56e-13,8.53e-14,1.19e-12
246,1.28e-13,-2.91e-14,-7.11e-14
247,-6.45e+01,4.92e+01,-8.09e+01
248,4.26e-14,2.56e-13,-4.26e-14
249,1.40e-14,5.23e-15,-1.39e-13
250,-5.68e-14,1.71e-13,1.42e-14
251,-1.05e+02,1.12e+02,-1.34e+02
252,1.05e-14,3.53e-15,8.31e-14
253,8.88e-14,7.11e-14,1.78e-13
254,1.78e-14,-5.98e-14,-3.11e-14
255,8.89e-01,3.84e+01,-3.56e+01
256,1.07e-14,2.06e-13,1.14e-13
257,-9.87e-15,-5.05e-14,6.08e-14
258,-4.62e-14,-1.12e-13,-2.36e-13
259,-3.41e+01,4.81e+01,-4.86e+01
260,1.14e-15,-1.69e-14,-3.25e-15
261,1.24e-14,-2.42e-13,-2.49e-14
262,4.44e-16,-1.39e-14,-9.24e-14
263,-3.24e+01,2.20e+01,-1.44e+01
264,-4.33e-15,1.42e-14,-6.75e-14
265,6.42e-15,-4.44e-14,-5.33e-14
266,2.89e-14,-7.55e-15,-9.59e-14
267,4.17e+01,2.91e+01,1.44e+01
268,-8.88e-16,9.50e-14,-3.55e-15
269,-2.54e-14,6.84e-14,1.07e-14
270,5.33e-15,5.33e-15,4.26e-14
271,4.87e+01,7.99e+01,4.96e+01
272,1.15e-14,-1.38e-14,3.85e-14
273,5.68e-14,-1.23e-13,-1.56e-13
274,-2.66e-15,8.57e-14,1.12e-13
275,7.32e+00,6.08e+01,4.14e+01
276,-5.22e-15,1.85e-13,-1.14e-13
277,1.64e-14,-6.34e-15,-2.36e-14
278,2.44e-14,-1.87e-13,-4.26e-14
279,2.33e+02,2.39e+02,1.91e+02
280,-2.97e-15,-4.79e-14,1.29e-13
281,-9.95e-14,1.42e-13,-5.68e-14
282,1.04e-14,1.33e-13,-7.11e-15
283,2.09e+02,9.74e+01,1.17e+02
284,2.13e-13,-7.25e-13,7.39e-13
285,2.67e-15,-5.24e-14,-2.02e-14
286,8.53e-14,1.42e-13,2.27e-13
287,8.27e+02,1.47e+02,6.80e+02
288,9.45e-15,-5.27e-14,5.70e-14
289,2.84e-13,-4.26e-13,-1.82e-12
290,-1.05e-12,-5.56e-14,5.68e-13
291,4.34e+02,-4.65e+01,1.53e+02
292,9.95e-13,-5.26e-13,2.27e-13
293,-9.10e-13,3.95e-14,-3.22e-13
294,-2.84e-13,-1.99e-13,5.12e-13
295,2.82e+02,-3.99e+02,2.21e+02
296,4.79e-14,1.93e-13,1.54e-13
297,2.56e-13,5.68e-13,2.84e-13
298,5.68e-14,2.11e-14,-3.69e-13
299,-1.59e+02,-1.06e+02,-5.46e+01
300,4.26e-14,2.84e-14,-3.98e-13
301,-1.80e-14,-1.56e-13,-7.96e-15
302,-7.11e-14,-5.68e-14,5.68e-14
303,-7.00e+02,-1.96e+02,-5.64e+02
304,2.19e-13,-3.18e-14,-5.10e-14
305,5.12e-13,4.55e-13,-7.96e-13
306,3.13e-13,-4.44e-14,-2.27e-13
307,-4.87e+02,4.70e+01,-1.87e+02
308,-2.27e-13,-4.26e-13,3.41e-13
309,3.90e-13,-1.10e-13,4.27e-13
310,-3.13e-13,1.14e-13,6.25e-13
311,-4.91e+02,3.09e+02,-3.93e+02
312,-8.29e-15,2.68e-15,5.52e-14
313,-3.34e-13,7.96e-13,1.25e-12
314,8.17e-14,-8.56e-14,-2.70e-13
315,-6.39e+01,8.40e+01,-7.18e+01
316,7.46e-14,-2.20e-13,-4.55e-13
317,3.27e-14,-1.26e-13,6.04e-14
318,1.03e-13,-2.34e-13,-9.95e-14
319,-9.37e+01,1.50e+02,-8.73e+01
320,1.02e-14,9.96e-14,-2.84e-14
321,-3.55e-14,3.98e-13,-1.99e-13
322,-8.88e-16,5.68e-14,-1.24e-14
323,-4.25e+00,4.47e+01,-2.76e+01
324,1.07e-14,-1.28e-13,1.85e-13
325,2.03e-14,2.84e-14,-1.84e-13
326,-1.78e-15,-8.53e-14,8.88e-14
327,-7.31e+01,4.23e+01,-3.09e+01
328,-2.58e-14,-7.11e-15,1.78e-14
329,-9.77e-14,5.68e-14,7.11e-15
330,1.33e-14,0.00e+00,-4.09e-14
331,8.97e+01,5.71e+01,2.62e+01
332,2.93e-14,2.49e-14,-5.33e-15
333,7.11e-15,-1.42e-14,-7.82e-14
334,-6.22e-15,-3.20e-14,2.13e-14
335,7.88e+00,5.99e+01,2.44e+01
336,-1.42e-14,-1.14e-13,-3.20e-14
337,7.75e-15,8.53e-14,1.18e-13
338,-2.84e-14,-1.14e-13,3.13e-14
339,1.83e+02,2.70e+02,8.30e+01
340,-1.12e-14,2.84e-14,-2.32e-14
341,-9.06e-14,5.68e-14,-4.26e-14
342,1.42e-14,7.82e-14,8.88e-16
343,1.79e+02,1.42e+02,7.13e+01
344,-1.07e-13,5.12e-13,-5.12e-13
345,-4.39e-15,-2.84e-14,-2.09e-14
346,1.63e-13,4.26e-13,-9.95e-14
347,9.10e+02,5.95e+02,4.17e+02
348,-2.22e-13,2.27e-13,4.69e-13
349,-1.14e-12,7.39e-13,1.71e-13
350,2.20e-13,-2.70e-13,3.41e-13
351,9.89e+02,9.92e+01,2.03e+02
352,6.11e-13,-1.42e-13,-6.82e-13
353,2.72e-12,2.56e-13,1.53e-12
355,1.26e+03,-3.70e+02,5.98e+02
356,7.11e-15,5.68e-14,0.00e+00
357,1.65e-12,7.96e-13,0.00e+00
358,-2.84e-14,-2.98e-12,-6.25e-13
359,3.44e+02,-1.93e+02,6.05e+01
360,7.82e-14,-1.59e-12,7.39e-13
361,2.24e-13,2.13e-13,-3.85e-13
362,-5.12e-13,-4.55e-13,4.69e-13
363,-4.66e+02,-7.94e+02,-2.21e+02
364,1.11e-13,1.14e-13,7.26e-14
365,-3.48e-13,1.22e-12,2.27e-13
366,-1.88e-13,-8.53e-13,3.98e-13
367,-8.61e+02,-8.19e+01,-1.59e+02
368,1.09e-12,4.76e-13,0.00e+00
369,-9.02e-13,-8.70e-14,2.27e-13
370,1.05e-12,0.00e+00,1.36e-12
371,-1.49e+03,2.59e+02,-7.15e+02
372,4.45e-13,1.56e-13,5.03e-13
373,1.99e-12,-1.08e-12,1.36e-12
375,-5.16e+02,1.84e+02,-1.23e+02
376,1.07e-13,3.41e-13,9.09e-13
377,4.52e-13,-3.69e-13,1.34e-14
378,5.83e-13,-1.99e-13,1.42e-13
379,-4.68e+02,4.77e+02,-2.00e+02
380,1.15e-13,7.39e-13,-6.70e-14
381,-5.68e-14,2.27e-13,-1.17e-12
382,1.71e-13,2.84e-14,-1.81e-13
383,-3.63e+01,9.07e+01,-3.98e+01
384,5.68e-14,-5.68e-14,9.95e-14
385,3.07e-14,3.41e-13,2.06e-13
386,8.53e-14,2.27e-13,-1.15e-13
387,-7.72e+01,1.29e+02,-4.38e+01
388,-5.26e-15,0.00e+00,6.95e-15
389,-1.14e-13,-3.98e-13,0.00e+00
390,3.02e-14,-2.84e-14,-3.40e-14
391,-5.25e+01,3.73e+01,-1.25e+01
392,1.42e-14,-8.17e-14,3.20e-14
393,1.42e-14,-8.53e-14,2.84e-14
394,2.13e-14,-4.26e-14,1.42e-14
395,5.95e+01,4.28e+01,8.48e+00
396,-7.11e-14,-4.26e-14,-1.63e-13
397,-3.55e-15,1.42e-14,-4.97e-14
398,1.42e-14,-2.84e-14,-4.97e-14
399,9.40e+01,1.62e+02,2.94e+01
400,9.19e-15,7.11e-14,5.11e-14
401,5.68e-14,4.26e-14,-2.98e-13
402,-2.13e-14,-8.53e-14,7.14e-14
403,5.10e+01,1.12e+02,2.69e+01
404,-5.68e-14,3.41e-13,-2.98e-13
405,3.68e-15,-1.28e-13,-4.55e-14
406,-2.84e-14,-5.68e-14,1.81e-13
407,6.31e+02,6.39e+02,1.31e+02
408,7.48e-14,-5.54e-13,4.85e-15
409,2.91e-13,6.82e-13,1.14e-13
410,8.88e-14,3.98e-13,6.04e-14
411,7.24e+02,2.42e+02,8.35e+01
412,2.84e-14,-2.27e-13,1.02e-12
413,-9.16e-13,-1.99e-13,-4.37e-13
414,0.00e+00,1.08e-12,2.27e-13
415,1.98e+03,3.65e+02,4.91e+02
416,9.83e-13,-8.53e-14,-1.42e-13
417,5.34e-12,1.36e-12,1.82e-12
418,3.07e-12,-2.13e-13,-1.36e-12
419,1.20e+03,-9.49e+01,1.05e+02
420,-3.41e-12,6.82e-13,1.14e-13
421,-1.00e-12,-7.11e-15,-3.41e-13
422,1.36e-12,2.73e-12,-2.33e-12
423,6.42e+02,-1.03e+03,1.44e+02
424,-1.92e-13,-8.53e-14,-1.15e-13
425,-3.13e-12,-2.73e-12,-7.39e-13
426,2.50e-12,1.75e-14,1.65e-12
427,-4.48e+02,-2.29e+02,-3.86e+01
428,4.55e-13,1.36e-12,-2.27e-13
429,-4.02e-13,-3.55e-13,5.70e-14
430,-2.61e-12,2.39e-12,-8.67e-13
431,-1.62e+03,-4.87e+02,-3.98e+02
432,-5.26e-13,-7.11e-13,6.82e-13
433,1.68e-12,-9.09e-13,-2.27e-13
434,-4.43e-12,3.80e-16,1.25e-12
435,-1.36e+03,1.31e+02,-1.36e+02
436,2.16e-12,-9.09e-13,-5.68e-13
437,-8.05e-13,-8.53e-13,1.97e-13
438,5.23e-12,-4.55e-13,1.31e-12
439,-1.23e+03,7.99e+02,-2.74e+02
440,2.30e-15,-1.14e-13,-3.89e-13
441,-1.02e-12,-9.09e-13,-7.67e-13
442,-8.24e-13,-2.27e-13,-5.68e-14
443,-2.59e+02,1.85e+02,-4.84e+01
444,-4.83e-13,-6.82e-13,-7.11e-14
445,1.61e-14,8.81e-13,9.66e-14
446,-3.98e-13,-2.84e-13,5.68e-14
447,-2.49e+02,3.59e+02,-5.50e+01
448,-1.11e-14,2.06e-13,-2.16e-14
449,0.00e+00,-7.11e-14,8.53e-14
450,3.55e-15,-4.97e-14,-2.98e-14
451,-1.07e+01,7.28e+01,-1.65e+01
452,7.46e-14,-1.10e-13,-8.53e-14
453,-2.39e-14,-2.89e-13,3.54e-14
454,4.97e-14,1.42e-13,-3.60e-14
455,-1.04e+02,6.96e+01,-1.73e+01
456,-4.26e-14,2.49e-14,1.62e-14
457,-7.82e-14,-1.07e-14,2.61e-14
458,7.11e-15,4.44e-14,1.05e-14
459,1.10e+02,7.53e+01,6.26e+00
460,3.55e-14,4.44e-14,-1.18e-14
461,-2.84e-14,2.06e-13,1.87e-13
462,1.42e-14,-4.09e-14,-2.15e-14
463,1.09e+01,7.92e+01,5.84e+00
464,-7.11e-14,-5.36e-13,9.31e-14
465,-2.18e-15,-5.81e-14,4.65e-14
466,-7.11e-15,3.55e-14,2.93e-14
467,2.75e+02,3.96e+02,1.92e+01
468,-1.12e-14,-5.53e-15,2.42e-14
469,-5.68e-14,-1.71e-13,-1.24e-13
470,-2.13e-14,1.49e-13,-2.29e-14
471,2.87e+02,2.05e+02,1.66e+01
472,-1.14e-13,1.93e-12,-1.49e-13
473,6.08e-15,-1.28e-13,6.34e-14
474,-1.42e-13,-3.98e-13,-5.15e-14
475,1.38e+03,8.96e+02,8.97e+01
476,3.28e-13,-5.70e-13,3.06e-14
477,1.82e-12,2.73e-12,2.98e-13
478,-7.67e-13,-1.02e-12,-1.81e-13
479,1.53e+03,1.49e+02,4.51e+01
480,1.14e-12,-3.41e-13,-5.12e-13
481,-3.76e-12,-7.59e-13,-8.08e-14
482,-4.11e-12,-4.55e-12,7.82e-13
483,1.84e+03,-5.30e+02,1.22e+02
484,-3.59e-13,-1.83e-13,2.79e-13
485,-2.12e-12,-9.09e-13,2.84e-14
486,3.98e-12,-4.60e-13,1.71e-12
487,5.03e+02,-2.41e+02,1.31e+01
488,-5.12e-13,-3.18e-12,5.68e-14
489,4.03e-13,-1.81e-13,2.89e-13
490,3.29e-12,1.14e-13,2.27e-13
491,-7.05e+02,-1.12e+03,-4.91e+01
492,1.99e-13,6.50e-13,2.26e-15
493,8.24e-13,2.73e-12,3.55e-14
494,2.22e-12,-2.28e-12,-4.44e-13
495,-1.32e+03,-9.84e+01,-3.55e+01
496,-6.82e-13,6.82e-13,-1.28e-12
497,1.03e-12,-5.72e-13,9.71e-14
498,5.13e-12,2.27e-13,-5.83e-13
499,-2.22e+03,4.04e+02,-1.66e+02
500,7.98e-13,-1.69e-13,-8.10e-14
501,-1.36e-12,1.82e-12,-7.11e-13
502,-2.39e-12,2.65e-12,-5.97e-13
503,-8.08e+02,2.69e+02,-2.87e+01
504,9.66e-13,0.00e+00,1.56e-13
505,1.67e-14,-1.14e-12,8.54e-13
506,5.68e-13,-1.71e-13,-2.42e-13
507,-7.07e+02,7.10e+02,-4.26e+01
508,-1.00e-13,2.26e-13,9.18e-14
509,5.68e-14,3.41e-13,-9.06e-14
510,-7.82e-14,2.56e-13,-1.11e-13
511,-5.69e+01,1.24e+02,-9.26e+00
512,-2.56e-13,-3.98e-13,-4.66e-14
513,6.58e-14,-3.98e-14,-7.65e-14
514,9.95e-14,-5.68e-14,3.22e-14
515,-1.02e+02,1.79e+02,-1.00e+01
516,5.27e-15,-4.06e-13,2.20e-14
517,-5.68e-14,-2.84e-14,-1.93e-13
518,7.11e-15,1.71e-13,-1.18e-13
519,-6.36e+01,4.61e+01,-2.91e+00
520,-7.11e-14,-1.94e-13,-2.72e-14
521,1.42e-14,2.86e-14,5.55e-14
522,6.39e-14,2.84e-14,5.36e-14
523,6.36e+01,4.61e+01,-2.91e+00
524,-8.53e-14,-1.49e-13,-8.83e-14
525,-1.78e-14,1.78e-13,-3.94e-15
526,-3.55e-14,2.49e-14,-9.71e-15
527,1.02e+02,1.79e+02,-1.00e+01
528,2.43e-15,-2.81e-14,2.19e-14
529,1.71e-13,-2.49e-13,-7.50e-14
530,7.11e-15,2.31e-14,5.85e-14
531,5.69e+01,1.24e+02,-9.26e+00
532,1.71e-13,2.27e-13,-3.80e-14
533,-7.55e-14,9.21e-14,-2.07e-14
534,1.85e-13,0.00e+00,8.84e-14
535,7.07e+02,7.10e+02,-4.26e+01
536,1.27e-13,1.70e-13,8.56e-15
537,-1.42e-13,9.09e-13,-2.58e-13
538,-4.97e-14,5.68e-14,1.60e-14
539,8.08e+02,2.69e+02,-2.87e+01
540,-1.02e-12,-9.09e-13,-7.25e-13
541,8.87e-15,5.90e-13,1.37e-13
542,-6.54e-13,-6.82e-13,-3.41e-13
543,2.22e+03,4.04e+02,-1.66e+02
544,9.88e-14,3.30e-13,-1.86e-13
545,-3.87e-12,3.41e-12,-3.13e-12
546,-7.96e-13,1.31e-12,9.09e-13
547,1.32e+03,-9.84e+01,-3.55e+01
548,-6.82e-13,9.09e-13,-7.96e-13
549,-1.25e-13,-2.87e-13,-4.50e-14
550,-2.74e-12,-2.50e-12,-1.14e-13
551,7.05e+02,-1.12e+03,-4.91e+01
552,4.83e-13,1.96e-13,1.42e-13
553,1.42e-13,-1.82e-12,1.27e-12
554,1.71e-13,-1.37e-12,6.61e-13
555,-5.03e+02,-2.41e+02,1.31e+01
556,-3.98e-13,-9.09e-13,3.98e-13
557,-4.04e-13,-1.09e-14,-5.84e-14
558,2.45e-12,2.27e-12,6.54e-13
559,-1.84e+03,-5.30e+02,1.22e+02
560,3.59e-13,-2.43e-13,3.73e-14
561,1.09e-12,-6.82e-13,2.00e-12
562,-8.41e-12,-3.63e-12,3.07e-12
563,-1.53e+03,1.49e+02,4.51e+01
564,4.55e-13,5.68e-13,-1.31e-12
565,-7.95e-13,-2.82e-13,1.86e-13
566,7.74e-12,-1.82e-12,4.12e-13
567,-1.38e+03,8.96e+02,8.97e+01
568,-4.62e-13,1.22e-14,5.34e-14
569,-2.61e-12,1.36e-12,-6.61e-13
570,6.54e-13,5.68e-13,1.95e-13
571,-2.87e+02,2.05e+02,1.66e+01
572,6.25e-13,-5.68e-13,-3.59e-13
573,-4.61e-13,2.98e-13,-1.91e-13
574,2.56e-13,6.82e-13,-2.27e-13
575,-2.75e+02,3.96e+02,1.92e+01
576,-1.04e-15,2.15e-13,1.05e-14
577,-5.68e-14,-8.28e-13,-5.72e-14
578,6.39e-14,2.63e-13,2.68e-14
579,-1.09e+01,7.92e+01,5.84e+00
580,-3.55e-14,3.55e-15,-9.91e-14
581,1.21e-14,-2.04e-13,-1.51e-14
582,9.24e-14,2.17e-13,-1.44e-13
583,-1.10e+02,7.53e+01,6.26e+00
584,2.84e-14,5.33e-14,1.86e-14
585,3.55e-15,2.00e-13,-2.48e-14
586,7.11e-15,1.24e-14,-1.26e-14
587,1.04e+02,6.96e+01,-1.73e+01
588,-2.13e-14,-9.77e-14,1.78e-15
589,7.82e-14,-1.63e-13,-1.84e-13
590,0.00e+00,-5.51e-14,9.55e-15
591,1.07e+01,7.28e+01,-1.65e+01
592,-1.07e-13,2.98e-13,-5.83e-15
593,1.16e-15,-2.84e-14,2.13e-14
594,-7.11e-14,2.34e-13,-1.98e-13
595,2.49e+02,3.59e+02,-5.50e+01
596,-8.41e-15,-2.56e-13,2.13e-14
597,1.99e-13,-1.07e-13,2.34e-13
598,-1.42e-14,1.28e-13,-4.84e-14
599,2.59e+02,1.85e+02,-4.84e+01
600,0.00e+00,-3.41e-13,-1.26e-12
601,-2.27e-13,8.11e-13,-1.42e-14
602,-5.12e-13,-1.71e-13,2.13e-14
603,1.23e+03,7.99e+02,-2.74e+02
604,3.26e-13,3.91e-13,2.13e-13
605,-7.96e-13,2.27e-13,-9.95e-13
606,9.09e-13,4.55e-13,1.42e-14
607,1.36e+03,1.31e+02,-1.36e+02
608,6.82e-13,7.96e-13,4.55e-13
609,8.18e-13,4.55e-13,-1.14e-13
610,8.19e-12,1.36e-12,-8.53e-14
611,1.62e+03,-4.87e+02,-3.98e+02
612,7.13e-14,-1.71e-13,0.00e+00
613,-1.14e-13,1.82e-12,-2.27e-13
614,-2.39e-12,4.53e-13,4.09e-12
615,4.48e+02,-2.29e+02,-3.86e+01
616,5.68e-14,-9.09e-13,-4.55e-13
617,-5.07e-13,1.93e-13,-1.17e-13
618,1.14e-13,5.68e-13,4.97e-13
619,-6.42e+02,-1.03e+03,1.44e+02
620,1.92e-13,-1.34e-13,-7.65e-14
621,-2.70e-13,2.73e-12,4.55e-13
622,3.98e-13,1.39e-12,-1.36e-12
623,-1.20e+03,-9.49e+01,1.05e+02
624,-1.93e-12,-2.05e-12,0.00e+00
625,9.33e-14,-1.99e-12,3.41e-13
626,-4.49e-12,6.82e-13,-7.96e-13
627,-1.98e+03,3.65e+02,4.91e+02
628,1.26e-12,-2.53e-14,2.77e-14
629,0.00e+00,6.82e-13,2.84e-12
630,1.34e-11,3.36e-12,4.55e-13
631,-7.24e+02,2.42e+02,8.35e+01
632,-2.27e-13,0.00e+00,-1.02e-12
633,-5.11e-15,-8.80e-13,-1.51e-13
634,-9.95e-13,0.00e+00,1.31e-12
635,-6.31e+02,6.39e+02,1.31e+02
636,-1.14e-13,-2.09e-13,1.62e-13
637,-2.49e-13,-8.53e-13,3.41e-13
638,-2.59e-13,-3.41e-13,1.24e-13
639,-5.10e+01,1.12e+02,2.69e+01
640,-5.68e-14,-8.53e-14,-1.28e-13
641,5.37e-14,-2.69e-13,4.16e-14
642,-1.42e-14,1.28e-13,-8.88e-15
643,-9.40e+01,1.62e+02,2.94e+01
644,-2.33e-15,3.19e-13,-3.90e-14
645,-4.26e-14,1.01e-12,1.22e-13
646,3.55e-15,2.02e-13,2.35e-14
647,-5.95e+01,4.28e+01,8.48e+00
648,2.84e-14,-5.33e-14,5.91e-14
649,-7.11e-15,6.11e-14,2.51e-14
650,1.42e-14,4.26e-14,-3.55e-15
651,5.25e+01,3.73e+01,-1.25e+01
652,-4.26e-14,-7.37e-14,8.84e-14
653,-7.11e-15,1.62e-14,4.50e-14
654,-4.26e-14,-1.56e-13,9.50e-14
655,7.72e+01,1.29e+02,-4.38e+01
656,2.40e-14,-2.79e-14,-4.99e-14
657,7.11e-14,-5.58e-13,-1.62e-14
658,-1.07e-14,6.22e-14,-1.94e-14
659,3.63e+01,9.07e+01,-3.98e+01
660,2.84e-14,-3.98e-13,4.07e-13
661,9.98e-15,-1.95e-13,-5.65e-14
662,9.95e-14,1.56e-13,-7.64e-14
663,4.68e+02,4.77e+02,-2.00e+02
664,-3.67e-15,6.05e-14,1.15e-13
665,9.95e-14,0.00e+00,-4.58e-13
666,-4.26e-14,-1.42e-13,1.92e-13
667,5.16e+02,1.84e+02,-1.23e+02
668,1.10e-13,2.27e-12,6.82e-13
669,7.03e-13,-5.75e-13,1.94e-14
670,4.83e-13,-3.13e-13,1.99e-13
671,1.49e+03,2.59e+02,-7.15e+02
672,-3.84e-13,-8.24e-13,-4.83e-13
673,-1.48e-12,0.00e+00,1.14e-12
675,8.61e+02,-8.19e+01,-1.59e+02
676,-2.50e-12,-2.27e-13,4.55e-13
677,-9.83e-13,-4.93e-13,-2.13e-13
678,7.96e-13,-1.76e-12,-1.31e-12
679,4.66e+02,-7.94e+02,-2.21e+02
680,1.61e-14,5.09e-13,2.32e-13
681,6.54e-13,-6.82e-13,-1.08e-12
682,-1.53e-12,-9.24e-14,-3.69e-13
683,-3.44e+02,-1.93e+02,6.05e+01
684,0.00e+00,2.50e-12,2.27e-13
685,2.10e-14,6.10e-13,-2.02e-13
686,1.93e-12,-3.69e-13,-3.55e-13
687,-1.26e+03,-3.70e+02,5.98e+02
688,-7.15e-14,-1.85e-13,1.26e-13
689,-4.43e-12,-2.27e-13,9.09e-13
690,-1.88e-12,1.92e-13,-6.82e-13
691,-9.89e+02,9.92e+01,2.03e+02
692,0.00e+00,-2.27e-13,9.09e-13
693,2.77e-12,-3.98e-13,3.75e-13
695,-9.10e+02,5.95e+02,4.17e+02
696,-2.26e-13,1.62e-13,7.85e-14
697,-3.07e-12,3.13e-13,-3.62e-13
698,1.33e-12,-2.70e-13,2.56e-13
699,-1.79e+02,1.42e+02,7.13e+01
700,5.68e-14,-9.95e-14,2.56e-13
701,4.79e-14,8.22e-13,0.00e+00
702,-1.99e-13,-3.13e-13,-2.84e-14
703,-1.83e+02,2.70e+02,8.30e+01
704,3.53e-14,-1.91e-13,-9.95e-14
705,2.91e-13,2.84e-14,5.68e-14
706,-1.07e-14,5.14e-14,1.35e-13
707,-7.88e+00,5.99e+01,2.44e+01
708,-3.55e-14,2.70e-13,1.14e-13
709,-8.64e-15,5.53e-14,-4.26e-14
710,-4.97e-14,-1.23e-13,9.95e-14
711,-8.97e+01,5.71e+01,2.62e+01
712,3.94e-14,-4.80e-14,-2.13e-14
713,3.73e-14,9.95e-14,-1.71e-13
714,-1.78e-15,-7.82e-14,-3.55e-14
715,7.31e+01,4.23e+01,-3.09e+01
716,3.27e-14,-4.62e-14,5.68e-14
717,4.97e-14,1.07e-13,1.28e-13
718,-3.38e-14,6.57e-14,3.20e-14
719,4.25e+00,4.47e+01,-2.76e+01
720,-2.84e-14,1.60e-13,8.53e-14
721,4.81e-16,-6.00e-14,0.00e+00
722,-2.84e-14,-3.33e-13,4.26e-14
723,9.37e+01,1.50e+02,-8.73e+01
724,-7.42e-15,-9.57e-14,2.84e-14
725,-7.82e-14,-3.48e-13,1.42e-13
726,7.11e-15,2.32e-14,-2.84e-14
727,6.39e+01,8.40e+01,-7.18e+01
728,2.84e-14,-3.41e-13,1.76e-12
729,3.94e-14,-1.69e-13,-2.27e-13
730,-2.84e-14,-3.91e-14,-1.42e-13
731,4.91e+02,3.09e+02,-3.93e+02
732,-3.57e-15,1.12e-13,-4.55e-13
733,-3.85e-13,-6.54e-13,3.41e-13
734,-7.11e-14,3.45e-14,-2.42e-13
735,4.87e+02,4.70e+01,-1.87e+02
736,-1.02e-12,-1.14e-13,1.25e-12
737,4.70e-13,4.72e-13,1.48e-12
738,-1.51e-12,-4.87e-13,5.97e-13
739,7.00e+02,-1.96e+02,-5.64e+02
740,-2.33e-13,9.26e-14,5.40e-13
741,5.12e-13,-2.27e-13,1.71e-12
742,-1.42e-14,1.14e-13,-3.34e-13
743,1.59e+02,-1.06e+02,-5.46e+01
744,9.95e-14,-1.71e-13,0.00e+00
745,1.30e-13,-7.56e-14,-2.70e-13
746,3.84e-13,-6.39e-14,2.84e-14
747,-2.82e+02,-3.99e+02,2.21e+02
748,-3.84e-14,-2.59e-13,-8.53e-14
749,-9.17e-13,7.96e-13,5.40e-13
750,1.24e-13,-3.15e-14,6.04e-14
751,-4.34e+02,-4.65e+01,1.53e+02
752,4.83e-13,6.96e-13,-2.67e-12
753,1.36e-12,-4.42e-14,-5.68e-14
754,1.14e-13,1.71e-13,3.41e-13
755,-8.27e+02,1.47e+02,6.80e+02
756,2.82e-14,-2.51e-13,2.84e-13
757,-1.85e-13,2.49e-14,-1.59e-12
758,2.70e-13,3.33e-14,2.56e-13
759,-2.09e+02,9.74e+01,1.17e+02
760,3.13e-13,2.13e-13,-2.27e-13
761,-8.72e-14,1.47e-13,1.71e-13
762,3.98e-13,1.02e-14,-8.53e-14
763,-2.33e+02,2.39e+02,1.91e+02
764,-5.27e-15,-2.54e-14,-2.56e-13
765,1.53e-13,3.41e-13,6.82e-13
766,-2.13e-14,-1.81e-13,-1.42e-13
767,-7.32e+00,6.08e+01,4.14e+01
768,-1.42e-14,2.91e-13,2.27e-13
769,9.64e-15,-4.84e-13,1.56e-13
770,2.84e-14,-3.55e-15,-4.26e-14
771,-4.87e+01,7.99e+01,4.96e+01
772,4.69e-16,-1.59e-13,3.55e-14
773,-1.78e-14,2.27e-13,1.99e-13
774,1.78e-14,-1.23e-13,-6.39e-14
775,-4.17e+01,2.91e+01,1.44e+01
776,0.00e+00,1.07e-14,-5.68e-14
777,2.58e-14,-1.46e-13,2.84e-14
778,-3.20e-14,4.62e-14,1.42e-14
779,3.24e+01,2.20e+01,-1.44e+01
780,-2.13e-14,-1.46e-13,8.53e-14
781,-6.46e-15,-2.49e-14,-1.42e-14
782,-3.55e-15,7.11e-14,0.00e+00
783,3.41e+01,4.81e+01,-4.86e+01
784,4.63e-15,7.34e-14,-2.84e-14
785,1.42e-14,2.08e-13,1.71e-13
786,1.07e-14,4.01e-15,4.97e-14
787,-8.89e-01,3.84e+01,-3.56e+01
788,0.00e+00,1.53e-13,1.42e-13
789,-1.98e-15,6.91e-14,1.42e-13
790,-4.26e-14,-1.15e-13,-8.53e-14
791,1.05e+02,1.12e+02,-1.34e+02
792,9.94e-15,1.09e-13,-8.53e-14
793,-9.24e-14,4.97e-14,-1.71e-13
794,9.95e-14,-8.82e-14,-2.84e-14
795,6.45e+01,4.92e+01,-8.09e+01
796,1.42e-14,-3.62e-13,0.00e+00
797,7.82e-15,-1.50e-13,2.84e-13
798,4.26e-14,2.65e-14,-1.14e-13
799,3.98e+02,5.69e+01,-4.39e+02
800,-2.37e-14,2.13e-13,3.41e-13
801,1.68e-13,4.97e-14,-6.82e-13
802,-2.84e-14,3.83e-14,9.95e-14
803,1.49e+02,-2.80e+01,-9.18e+01
804,-5.54e-13,-1.42e-14,-2.27e-13
805,-1.23e-13,-1.55e-13,2.27e-13
806,-1.56e-13,8.17e-14,-2.56e-13
807,1.25e+02,-1.69e+02,-1.34e+02
808,6.60e-15,4.69e-14,5.68e-14
809,2.22e-14,-3.27e-13,1.14e-13
810,-4.97e-14,1.00e-14,-2.84e-14
811,-5.90e+01,-5.71e+01,3.61e+01
812,-1.42e-14,-4.12e-13,-5.68e-14
813,2.09e-14,1.74e-13,-1.99e-13
814,-9.24e-14,3.55e-14,9.24e-14
815,-3.42e+02,-8.03e+01,3.71e+02
816,-2.04e-15,1.44e-13,-5.68e-14
817,4.88e-13,-7.11e-14,3.41e-13
818,-9.24e-14,3.20e-14,8.53e-14
819,-1.68e+02,2.11e+01,1.13e+02
820,-1.28e-13,-2.62e-14,-1.14e-12
821,-6.37e-14,-1.55e-14,-6.82e-13
822,-3.98e-13,-7.28e-14,5.68e-14
823,-2.15e+02,1.31e+02,2.47e+02
824,2.29e-14,8.51e-14,1.14e-13
825,-1.07e-14,-5.12e-13,-1.14e-13
826,2.13e-14,2.08e-14,2.84e-14
827,-1.39e+01,4.68e+01,5.38e+01
828,3.55e-14,-2.27e-13,-1.42e-13
829,-1.92e-14,4.45e-14,-1.78e-13
830,-6.39e-14,1.07e-13,2.42e-13
831,-4.42e+01,7.90e+01,7.05e+01
832,-2.61e-15,-9.70e-14,3.11e-14
833,-4.62e-14,-1.78e-13,-3.77e-13
834,3.86e-14,4.65e-14,-8.57e-14
835,-2.40e+00,3.01e+01,2.60e+01
836,-2.58e-14,-1.07e-14,2.34e-13
837,2.76e-15,-2.08e-13,-7.70e-14
838,2.04e-14,3.69e-14,1.87e-13
839,-5.60e+01,2.86e+01,3.05e+01
840,1.96e-15,-3.95e-14,-4.00e-14
841,9.77e-15,-2.42e-14,1.24e-13
842,2.13e-14,7.86e-14,-4.44e-15
843,4.44e+01,1.98e+01,-2.70e+01
844,3.94e-15,-4.00e-14,-2.04e-14
845,-1.33e-14,-5.77e-14,1.17e-13
846,4.08e-15,2.72e-14,4.17e-14
847,3.88e+00,1.96e+01,-2.33e+01
848,-2.66e-15,2.04e-14,-1.60e-13
849,-8.82e-15,6.97e-14,1.50e-14
850,-1.42e-14,1.65e-13,-1.01e-13
851,2.43e+01,4.11e+01,-5.43e+01
852,-2.24e-15,5.89e-14,-6.15e-14
853,9.59e-14,7.11e-15,2.34e-13
854,-1.18e-14,-6.60e-14,1.36e-13
855,7.55e-01,2.47e+01,-3.87e+01
856,3.55e-14,-7.11e-15,-6.75e-14
857,-2.39e-14,8.70e-15,-5.82e-14
858,-7.11e-15,6.22e-14,-2.64e-13
859,8.18e+01,4.73e+01,-1.37e+02
860,-7.72e-15,-6.99e-16,-1.34e-13
861,-7.11e-14,5.68e-14,9.95e-14
862,6.93e-14,-3.62e-14,1.69e-14
863,4.25e+01,6.94e+00,-6.02e+01
864,2.84e-14,-1.28e-13,1.14e-13
865,1.76e-14,-3.77e-14,-4.27e-14
866,-2.84e-14,9.41e-14,4.97e-13
867,1.26e+02,-3.31e+01,-1.77e+02
868,-1.61e-14,3.33e-14,3.96e-14
869,-7.11e-14,-9.95e-14,-9.95e-14
870,2.31e-14,-3.19e-14,-7.46e-14
871,1.30e+01,-2.94e+01,-1.70e+01
872,0.00e+00,2.13e-13,1.03e-13
873,3.57e-15,7.47e-14,-1.24e-13
874,2.13e-14,2.04e-14,-3.55e-14
875,-4.92e+01,-6.10e+01,6.95e+01
876,4.62e-15,5.01e-14,-5.98e-14
877,7.11e-14,5.40e-13,-1.28e-13
878,-1.67e-14,-1.71e-14,-2.31e-14
879,-3.55e+01,-1.47e+01,4.71e+01
880,2.84e-14,-9.95e-14,-2.27e-13
881,-4.49e-14,-4.20e-14,-1.57e-14
882,8.53e-14,-9.59e-14,-4.97e-14
883,-1.46e+02,1.74e+01,2.14e+02
884,-2.34e-14,9.37e-15,2.51e-13
885,3.41e-13,5.68e-14,-2.13e-13
886,-2.42e-13,5.94e-14,1.07e-14
887,-1.06e+01,2.20e+01,4.97e+01
888,1.42e-14,8.53e-14,-1.56e-13
889,1.93e-14,-2.07e-14,9.02e-14
890,7.11e-14,3.33e-16,7.11e-14
891,-4.05e+01,4.75e+01,8.40e+01
892,-3.94e-15,-2.08e-14,-6.41e-14
893,6.04e-14,-9.95e-14,-2.84e-14
894,1.78e-15,5.07e-14,1.78e-15
895,2.27e+00,2.24e+01,2.80e+01
896,-1.42e-14,3.55e-15,2.86e-13
897,-1.63e-14,-1.34e-14,1.44e-13
898,-3.55e-14,4.97e-14,1.23e-13
899,-2.59e+01,2.64e+01,4.13e+01
900,3.83e-15,2.43e-14,2.59e-14
901,7.46e-14,9.24e-14,2.38e-13
902,-4.60e-14,1.42e-14,-1.09e-13
903,-2.47e+01,1.60e+01,1.27e+01
904,7.02e-14,-2.31e-14,-1.60e-14
905,-1.64e-14,-2.66e-15,7.64e-14
906,8.88e-16,5.68e-14,-2.84e-14
907,2.22e+01,1.33e+01,-1.11e+01
908,1.78e-14,-2.66e-15,-7.55e-14
909,-2.20e-14,-7.11e-15,2.75e-14
910,1.15e-14,-2.80e-14,4.26e-14
911,3.21e+01,1.60e+01,-2.82e+01
912,-4.03e-15,5.53e-16,2.44e-14
913,-8.88e-16,1.03e-13,4.09e-14
914,4.11e-15,5.88e-14,1.14e-13
915,4.20e+00,1.38e+01,-2.29e+01
916,-5.33e-15,1.60e-14,-1.35e-13
917,-5.63e-15,6.19e-14,-5.65e-14
918,-1.60e-14,-7.28e-14,-1.40e-13
919,2.70e+01,2.18e+01,-4.85e+01
920,-8.70e-15,2.19e-14,5.73e-14
921,-3.91e-14,8.53e-14,-1.60e-14
922,1.69e-14,8.91e-15,-3.73e-14
923,5.23e+00,9.05e+00,-3.35e+01
924,4.26e-14,7.11e-14,-9.59e-14
925,9.51e-15,-1.74e-15,-9.57e-14
926,-2.13e-14,4.29e-14,1.12e-13
927,5.21e+01,-4.66e-01,-9.10e+01
928,-7.25e-15,1.25e-14,-8.01e-14
929,-1.42e-14,2.35e-14,-1.21e-13
930,2.66e-15,-4.46e-14,-5.33e-14
931,8.16e+00,-1.06e+01,-2.58e+01
932,7.11e-15,2.84e-14,3.91e-14
933,2.11e-14,-5.14e-15,6.13e-14
934,-6.39e-14,4.80e-14,9.74e-14
935,1.48e+01,-2.97e+01,-2.59e+01
936,4.13e-16,-3.87e-14,-1.57e-14
937,-2.49e-14,-1.21e-13,-4.62e-14
938,-6.11e-15,3.93e-14,2.68e-14
939,-2.96e+00,-1.72e+01,9.87e+00
940,-1.42e-14,-1.85e-13,-1.24e-14
941,7.43e-15,-7.46e-15,3.03e-14
942,2.13e-14,6.22e-14,-9.21e-15
943,-4.02e+01,-1.74e+01,7.19e+01
944,-1.26e-15,5.27e-14,8.59e-14
945,-7.11e-15,-4.26e-14,1.81e-13
946,9.77e-15,-2.07e-14,-4.61e-15
947,-8.56e+00,4.91e-01,3.38e+01
948,-2.13e-14,-1.87e-14,-2.70e-13
949,-5.51e-15,2.57e-14,2.35e-13
950,-7.11e-14,-9.77e-15,-5.06e-14
951,-3.34e+01,1.45e+01,6.60e+01
952,7.84e-16,-9.29e-15,1.98e-14
953,-3.91e-14,-3.20e-14,1.31e-13
954,-8.88e-15,-5.48e-15,-8.53e-14
955,-2.51e+00,1.28e+01,2.77e+01
956,-2.49e-14,-1.07e-14,4.26e-14
957,2.06e-15,5.82e-14,-2.84e-14
958,-3.55e-15,9.24e-14,-1.39e-13
959,-2.36e+01,2.17e+01,3.32e+01
960,4.54e-16,3.54e-14,2.75e-14
961,1.78e-14,-9.59e-14,-1.28e-13
962,-1.69e-14,-1.72e-15,1.08e-13
963,-9.39e+00,1.31e+01,2.01e+01
964,-3.46e-14,1.50e-13,-1.03e-13
965,-1.10e-14,-1.04e-14,3.13e-14
966,3.11e-15,1.67e-14,-1.07e-14
967,-4.00e+01,1.58e+01,1.83e+01
968,2.32e-14,2.66e-15,1.73e-14
969,2.82e-14,8.99e-14,-4.53e-14
970,-3.86e-14,7.38e-15,-2.31e-14
971,3.50e+01,1.18e+01,-1.58e+01
972,8.88e-15,-1.20e-14,2.84e-14
973,-1.42e-14,5.91e-14,7.99e-15
974,5.33e-15,-7.55e-15,-7.11e-15
975,2.79e+01,5.69e+00,-1.74e+01
976,1.10e-13,-2.44e-15,3.86e-14
977,-3.20e-14,1.33e-15,-2.10e-13
978,2.13e-14,-3.16e-14,3.55e-14
979,4.39e+01,9.33e+00,-2.23e+01
980,-3.55e-15,-6.00e-15,1.69e-14
981,3.20e-14,7.64e-14,1.74e-13
982,-2.66e-15,0.00e+00,9.33e-15
983,2.76e+01,5.06e+00,-1.89e+01
984,5.68e-14,-2.49e-14,-7.11e-15
985,-7.28e-14,9.33e-15,1.44e-13
986,4.44e-14,2.84e-14,-1.60e-14
987,4.60e+01,1.66e+00,-3.15e+01
988,3.55e-15,-3.26e-14,-4.09e-14
989,-7.11e-14,-2.66e-15,1.31e-13
990,1.33e-14,-4.33e-15,1.07e-14
991,2.70e+01,-2.30e+00,-1.92e+01
992,4.97e-14,-5.33e-15,-1.78e-14
993,-3.55e-14,-8.88e-16,-1.78e-14
994,2.13e-14,1.07e-14,-5.33e-14
995,3.11e+01,-1.78e+01,-2.58e+01
996,-8.88e-15,3.29e-14,5.15e-14
997,3.91e-14,1.42e-14,1.42e-14
998,-1.95e-14,-1.42e-14,5.86e-14
999,6.79e+00,-1.03e+01,-4.90e+00
1000,-1.95e-14,-1.78e-14,-1.42e-14
1001,1.51e-14,3.55e-14,4.53e-14
1002,1.78e-15,-3.91e-14,-1.11e-14
1003,-1.11e+01,-2.33e+01,9.76e+00
1004,4.44e-15,5.33e-15,-2.89e-15
1005,-8.44e-15,9.95e-14,-6.22e-14
1006,-9.33e-15,4.09e-14,-9.99e-15
1007,-1.86e+01,-6.99e+00,1.35e+01
1008,7.11e-15,1.07e-14,6.75e-14
1009,-1.60e-14,-3.02e-14,2.49e-14
1010,-2.49e-14,0.00e+00,-6.57e-14
1011,-4.21e+01,-7.45e+00,3.30e+01
1012,3.55e-14,3.02e-14,-4.00e-14
1013,3.55e-15,-6.22e-14,-2.84e-14
1014,1.42e-14,3.55e-15,-2.93e-14
1015,-2.73e+01,2.31e+00,1.94e+01
1016,8.53e-14,-8.88e-16,-4.80e-14
1017,-3.20e-14,1.40e-14,-5.33e-14
1018,3.55e-15,1.63e-14,6.93e-14
1019,-4.36e+01,7.20e+00,2.56e+01
1020,-2.13e-14,6.66e-15,-1.20e-13
1021,-3.55e-15,-4.44e-14,1.87e-13
1022,2.40e-14,-2.22e-16,5.33e-14
1023,-2.60e+01,5.76e+00,1.71e+01
1024,-2.84e-14,-2.66e-14,-2.31e-14
1025,1.07e-14,1.07e-14,-4.75e-14
1026,-8.88e-16,-1.87e-14,-4.17e-14
1027,-4.61e+01,6.87e+00,2.16e+01
1028,3.02e-14,-5.27e-16,1.24e-14
1029,4.97e-14,3.31e-14,4.17e-14
1030,-6.57e-14,-2.41e-14,-9.33e-14
1031,-2.21e+01,8.60e+00,1.09e+01
1032,2.84e-14,7.99e-15,2.66e-15
1033,-1.24e-14,-1.90e-14,-3.46e-14
1034,1.60e-14,1.22e-14,-1.78e-14
1036,7.16e-12,1.93e-12,-3.18e-12
1037,-1.68e-12,2.61e-12,-1.14e-12
1038,-1.14e-12,-9.44e-12,-1.50e-11
1039,9.91e-13,-2.05e-12,-3.87e-12
1040,-1.53e-11,6.25e-12,1.18e-11
1041,6.48e-12,-3.52e-12,-5.12e-12
1042,-8.75e-12,-4.29e-11,-4.09e-12
1043,-1.89e-12,2.55e-11,2.05e-11
1044,-3.55e-12,-8.47e-12,1.41e-11
1045,5.06e-12,-3.84e-11,-9.55e-12
1046,-1.62e-11,6.24e-11,4.09e-12
1047,-4.75e-12,-4.69e-12,2.26e-11
1048,2.43e-11,-4.36e-11,-3.89e-11
1049,-8.90e-12,7.94e-11,1.42e-11
1050,-1.27e-11,1.01e-11,2.13e-11
1051,-1.74e-11,1.85e-11,1.05e-11
1052,5.20e-12,1.28e-13,-3.60e-11
1053,7.62e-12,-5.24e-11,-4.17e-12
1055,1.88e-12,-2.84e-13,-1.14e-12
1056,-6.82e-13,1.25e-11,-2.73e-12
1057,-5.79e-13,-4.15e-12,1.36e-12
1058,-8.25e-12,-3.80e-11,6.82e-12
1059,1.96e-12,-6.25e-13,5.00e-12
1060,-8.88e-12,3.71e-11,1.25e-11
1061,7.82e-13,1.84e-11,7.28e-12
1062,-2.76e-12,8.74e-11,-2.02e-11
1063,4.06e-12,1.82e-12,4.55e-13
1064,1.53e-12,-2.42e-11,-2.16e-11
1065,8.65e-12,-1.08e-12,8.01e-12
1066,7.81e-12,-1.68e-10,-7.36e-11
1067,-2.65e-11,2.71e-11,-9.32e-12
1068,2.93e-11,-1.94e-10,2.36e-11
1069,1.97e-11,1.11e-10,2.89e-11
1070,-1.03e-11,1.95e-10,-8.11e-11
1071,1.96e-11,-1.01e-10,9.15e-12
1072,-4.15e-11,2.12e-10,-4.26e-11
1074,2.73e-12,-2.49e-12,-1.14e-12
1075,9.02e-13,-2.67e-12,-6.82e-13
1076,-1.49e-13,-1.20e-11,2.27e-13
1077,1.81e-13,3.01e-12,-1.02e-12
1078,-1.34e-12,-3.67e-11,-1.07e-11
1079,1.94e-12,3.42e-11,7.28e-12
1080,-4.67e-12,-3.32e-11,2.79e-11
1081,3.86e-12,-1.31e-12,7.96e-13
1082,5.78e-12,-4.92e-11,1.56e-11
1083,-2.18e-13,-3.94e-11,-1.42e-13
1084,-1.86e-12,-7.52e-11,4.92e-11
1085,-2.21e-12,-5.88e-11,-3.37e-11
1086,-1.09e-12,1.24e-11,8.09e-11
1087,2.30e-12,1.26e-10,-1.02e-11
1088,-1.95e-11,-4.11e-11,-4.50e-11
1089,7.66e-12,-2.43e-10,-3.72e-11
1090,8.73e-12,-5.50e-11,-4.44e-11
1091,-4.87e-12,2.45e-11,6.45e-12
1093,-2.98e-13,-2.84e-13,-5.68e-13
1094,-2.17e-12,-1.14e-12,-3.07e-12
1095,7.05e-13,1.02e-11,-5.00e-12
1096,2.04e-12,1.25e-11,-2.16e-12
1097,-3.03e-12,4.95e-12,-2.39e-12
1098,-3.43e-12,2.18e-11,-2.96e-12
1099,2.69e-12,-4.65e-11,-8.75e-12
1100,-5.33e-12,5.93e-11,-2.96e-12
1101,8.67e-13,2.00e-11,-1.31e-11
1102,1.03e-11,-1.35e-10,2.50e-12
1103,2.17e-12,-7.05e-11,-1.34e-11
1104,1.36e-11,1.23e-10,-6.71e-12
1105,-7.67e-12,-9.23e-11,2.12e-12
1106,2.06e-11,-7.75e-11,1.25e-12
1107,9.05e-12,1.80e-11,-1.05e-11
1108,-7.92e-12,2.11e-10,7.87e-11
1109,8.44e-12,-2.65e-10,6.88e-12
1110,2.19e-11,2.16e-10,4.53e-11
1112,-5.58e-12,5.58e-12,2.05e-12
1113,2.79e-12,-1.71e-13,-6.82e-13
1114,-5.30e-12,-4.89e-12,6.82e-12
1115,9.86e-12,3.69e-12,-2.50e-12
1116,1.77e-11,2.08e-11,1.14e-12
1117,5.90e-12,1.47e-11,-5.12e-12
1118,-1.30e-11,4.17e-11,-1.89e-11
1119,3.56e-12,-7.61e-11,-9.55e-12
1120,3.20e-11,-3.33e-11,-3.66e-11
1121,-2.73e-11,7.04e-11,3.87e-12
1122,1.53e-11,1.14e-10,-5.04e-11
1123,-3.54e-12,-2.46e-11,1.82e-11
1124,-1.47e-11,-6.51e-12,-2.97e-11
1125,9.27e-12,-1.73e-10,-3.52e-12
1126,-5.47e-12,-2.40e-10,-6.30e-11
1127,-1.26e-11,-9.90e-11,-2.65e-12
1128,3.32e-11,1.03e-10,-2.53e-12
1129,-4.55e-12,-8.28e-11,-8.53e-12
1131,2.22e-12,-4.55e-13,2.96e-12
1132,8.53e-14,-7.96e-12,4.09e-12
1133,4.31e-12,-9.89e-12,1.48e-12
1134,-1.71e-12,2.03e-11,1.11e-11
1135,9.95e-14,-1.93e-12,3.41e-12
1136,1.93e-12,6.48e-12,-1.16e-11
1137,-2.34e-11,1.03e-11,-1.67e-11
1138,2.05e-11,6.32e-11,3.18e-12
1139,5.49e-12,-1.95e-11,1.41e-11
1140,-3.85e-12,-1.13e-10,5.23e-12
1141,1.51e-11,-4.22e-11,4.18e-11
1142,-2.28e-11,5.08e-11,3.06e-11
1143,-7.26e-12,5.20e-12,-2.97e-11
1144,1.41e-11,1.33e-10,2.11e-11
1145,6.00e-12,5.80e-12,-4.21e-12
1146,-4.94e-11,4.33e-11,-7.15e-11
1147,2.42e-11,-6.99e-11,6.02e-11
1148,8.87e-12,-1.67e+03,-1.61e-11
1150,6.47e-12,-3.07e-12,5.68e-14
1151,-1.11e-11,6.14e-12,-1.36e-12
1152,2.56e-12,-2.50e-12,-5.97e-13
1153,-2.44e-12,3.62e-11,-2.39e-12
1154,2.53e-11,3.18e-11,-9.38e-13
1155,-2.12e-11,-1.83e-11,-5.23e-12
1156,-2.16e-11,1.59e-11,3.24e-12
1157,3.84e-11,-3.00e-11,-1.13e-11
1158,-1.82e-12,4.02e-11,1.71e-12
1159,5.46e-11,-2.63e-11,-1.53e-12
1160,-1.19e-11,5.00e-12,1.51e-11
1161,-7.84e-12,4.46e-11,-2.66e-11
1162,2.91e-11,-4.45e-11,3.79e-12
1163,-7.17e-11,-1.56e-10,4.41e-11
1164,4.46e-11,-1.08e-10,1.71e-11
1165,-3.10e-11,1.34e-10,-1.58e-11
1166,-5.28e-11,-6.07e-11,-1.16e-11
1167,-1.36e-11,9.97e-11,4.77e-12
1169,-8.87e-12,1.82e-12,-4.43e-12
1170,-2.12e-13,-1.53e-11,-1.98e-13
1171,-1.80e-11,5.96e-11,-4.10e-12
1172,3.93e-13,-3.76e-11,3.37e-13
1173,-3.46e-11,3.59e-11,-1.15e-11
1174,1.46e-11,-2.83e-11,2.67e-13
1175,1.34e-11,-1.29e-10,-2.45e-11
1176,-1.42e-13,-8.24e-12,1.12e-12
1177,-2.48e-11,-5.83e-11,-1.09e-12
1178,1.47e-11,8.84e-11,-1.15e-12
1179,1.48e-11,-1.85e-11,-2.13e-12
1180,8.53e-14,3.03e-11,-6.95e-13
1181,3.17e-11,4.33e-10,7.10e-11
1182,-1.45e-11,5.95e-11,-8.04e-13
1183,2.37e-11,-3.42e-10,4.55e-11
1184,-1.45e-11,-2.78e-11,-1.17e-15
1185,1.82e-10,7.90e-10,-2.14e-11
1186,1.65e-11,-2.73e-12,-7.60e-12
1188,-1.60e-12,4.23e-13,-1.07e-13
1189,-5.97e-13,-1.46e-11,4.11e-12
1190,-2.21e-12,5.56e-12,7.93e-13
1191,8.33e-12,6.64e-11,2.53e-12
1192,-6.99e-12,3.28e-11,9.35e-13
1193,-1.40e-11,-3.73e-11,-1.26e-11
1194,-1.01e-11,1.62e-11,-1.21e-12
1195,-9.22e-12,7.96e-13,-8.52e-12
1196,9.85e-12,1.16e-10,6.68e-13
1197,-5.04e-11,8.59e-11,2.12e-11
1198,-8.68e-12,-2.73e-11,6.97e-14
1199,-6.91e-11,3.47e-10,5.44e-11
1200,7.25e-12,-1.14e-10,-1.16e-13
1201,2.28e-11,5.98e-11,-1.57e-11
1202,-2.26e-12,-1.14e-10,-3.98e-13
1203,-9.95e-13,-2.78e-10,-1.03e-10
1204,-9.20e-13,2.35e-10,-7.05e-13
1205,2.91e-11,-9.80e-11,-5.79e-11
1207,-3.01e-12,-5.00e-12,6.82e-13
1208,3.86e-13,-7.23e-12,5.15e-13
1209,-6.41e-13,-7.82e-11,1.70e-11
1210,3.13e-12,-8.04e-12,-5.91e-13
1211,1.86e-11,-6.87e-11,5.09e-12
1212,8.63e-12,1.58e-11,2.19e-13
1213,-2.01e-11,-1.46e-10,1.15e-11
1214,1.06e-11,1.18e-10,1.03e-13
1215,1.95e-11,-8.81e-11,-1.39e-11
1216,-1.81e-12,2.31e-10,-5.06e-14
1217,1.19e-11,-8.32e-11,7.77e-11
1218,-4.43e-12,2.02e-10,9.72e-14
1219,-1.23e-11,-1.00e-10,-9.30e-11
1220,-3.24e-11,-1.91e-12,9.53e-14
1221,6.99e-12,-2.02e-10,8.95e-11
1222,-2.38e-11,-3.11e-11,-6.14e-13
1223,6.24e-11,2.10e-11,5.32e-11
1224,4.18e-12,1.70e-10,2.21e-11
1226,-7.52e-12,3.19e-12,-2.90e-12
1227,-1.34e-12,2.32e-11,-4.72e-12
1228,-3.22e-12,5.78e-12,2.25e-13
1229,-7.46e-12,-1.36e-11,-6.00e-12
1230,-6.91e-12,7.87e-13,-7.66e-13
1231,4.09e-12,-1.39e-11,-1.14e-11
1232,6.81e-12,4.73e-11,-7.96e-13
1233,4.13e-11,1.80e-10,7.69e-11
1234,-2.18e-11,-1.02e-10,-1.42e-12
1235,-9.18e-11,1.21e-10,-6.41e-11
1236,2.92e-11,5.70e-11,-1.30e-13
1237,2.59e-11,1.61e-10,-4.89e-11
1238,2.92e-11,-1.76e-10,-2.13e-13
1239,-4.55e-13,1.62e-10,1.18e-11
1240,-1.45e-11,-5.95e-11,2.28e-13
1241,-1.14e-11,-9.73e-10,-1.92e-11
1242,2.92e-14,-1.47e-10,3.29e-13
1243,-1.62e-11,-6.42e-11,-4.26e-11
1245,-6.82e-13,-4.38e-12,1.93e-12
1246,3.72e-12,-5.91e-12,6.25e-13
1247,1.43e-11,1.26e-11,-9.32e-12
1248,7.12e-12,-1.85e-11,-2.02e-12
1249,-2.37e-11,4.97e-11,1.59e-11
1250,3.64e-12,1.31e-11,-7.39e-13
1251,8.34e-12,3.56e-11,1.48e-11
1252,7.33e-12,3.31e-11,-6.20e-12
1253,1.07e-11,5.51e-11,-1.46e-11
1254,-4.65e-14,1.41e-11,1.96e-11
1255,3.73e-11,1.16e-10,-4.76e-11
1256,-5.49e-12,5.97e-12,2.93e-12
1257,-8.49e-11,4.62e-11,1.21e-11
1258,1.36e-11,2.20e-10,2.12e-12
1259,3.53e-11,3.01e-10,3.60e-11
1260,-2.18e-11,8.67e-12,1.38e-11
1261,7.56e-12,1.03e-10,3.95e-11
1262,-4.55e-11,-1.67e+03,1.53e-12
1264,3.07e-12,3.92e-12,-1.08e-12
1265,-2.24e-12,5.46e-12,-4.97e-13
1266,-3.52e-12,1.91e-11,-7.76e-12
1267,5.62e-12,1.02e-12,2.06e-12
1268,-1.51e-11,1.89e-11,-3.21e-12
1269,-1.72e-11,-4.09e-12,4.04e-12
1270,-5.70e-11,2.84e-11,-1.21e-11
1271,1.82e-11,-6.40e-11,6.82e-12
1272,8.41e-12,-5.66e-11,-2.51e-11
1273,-9.07e-12,-8.31e-11,-1.63e-11
1274,5.14e-11,-1.51e-10,3.23e-11
1275,-5.82e-11,-1.86e-11,-1.90e-11
1276,-1.26e-11,1.03e-10,-5.29e-12
1277,-9.08e-12,4.46e-11,4.39e-12
1278,-1.46e-11,-1.71e-10,-6.27e-11
1279,1.09e-11,-8.80e-11,1.06e-11
1280,-6.58e-11,1.70e-10,-4.14e-11
1281,4.42e-11,3.37e-12,-2.92e-12
1283,7.24e-12,-3.17e-12,3.84e-13
1284,-2.93e-11,1.25e-11,-5.68e-13
1285,1.06e-11,-1.22e-12,2.02e-12
1286,-1.66e-11,-1.32e-10,-1.15e-11
1287,6.90e-12,-3.92e-11,3.26e-14
1288,-2.46e-11,4.30e-11,1.97e-11
1289,2.95e-11,-4.05e-11,8.13e-13
1290,-1.13e-10,2.61e-12,-9.84e-12
1291,2.18e-11,-1.45e-11,-4.27e-13
1292,3.64e-12,-6.06e-11,9.75e-11
1293,1.45e-11,5.76e-11,3.81e-13
1294,-7.23e-11,-3.03e-10,9.85e-11
1295,1.45e-11,2.85e-11,-5.70e-13
1296,9.15e-11,-7.05e-10,-7.11e-15
1297,-2.91e-11,2.90e-10,2.83e-13
1298,-3.44e-11,3.14e-11,-3.29e-11
1299,9.66e-15,-6.83e-13,-1.17e-13
1300,-8.38e-11,-8.85e-11,-1.06e-11
1302,-1.82e-12,8.30e-12,-1.59e-12
1303,-7.60e-12,-2.40e-12,-2.25e-13
1304,3.56e-12,1.30e-11,-3.98e-12
1305,-4.37e-12,6.10e-11,4.47e-13
1306,-1.97e-12,6.23e-11,1.95e-11
1307,1.40e-11,1.46e-12,4.25e-13
1308,-2.06e-12,-2.27e-13,1.80e-11
1309,1.02e-11,-1.29e-11,-1.52e-13
1310,5.64e-11,-1.12e-10,-7.18e-11
1311,3.84e-12,1.15e-10,4.44e-13
1312,-1.29e-11,5.14e-10,-4.99e-11
1313,-7.49e-12,1.73e-10,-3.90e-13
1314,-9.81e-12,-5.86e-10,-8.90e-12
1315,2.47e-11,-2.93e-10,-4.14e-13
1316,1.64e-11,4.41e-10,-1.43e-11
1317,2.05e-11,2.31e-10,-4.54e-14
1318,-3.59e-11,9.73e-11,7.58e-11
1319,-1.69e-11,-1.11e-10,-1.99e-11
1321,-7.12e-14,-8.50e-13,4.09e-14
1322,-5.13e-12,-3.05e-11,1.08e-11
1323,-1.18e-12,9.19e-12,-1.74e-13
1324,5.36e-12,-8.64e-12,7.13e-12
1325,1.93e-12,-2.53e-11,2.84e-13
1326,-2.83e-11,-2.16e-11,-4.46e-11
1327,5.51e-12,1.26e-12,-3.36e-14
1328,9.14e-12,6.48e-12,-2.34e-11
1329,-6.75e-12,5.82e-11,-3.56e-13
1330,-5.25e-12,-2.06e-10,-8.52e-11
1331,-4.76e-13,-1.00e-10,-3.10e-14
1332,1.01e-11,1.47e-10,2.29e-12
1333,-4.88e-12,1.18e-10,-2.29e-13
1334,-5.71e-11,-1.25e-10,-5.04e-11
1335,8.92e-12,-1.14e-10,-9.67e-14
1336,2.25e-11,4.98e-10,7.38e-12
1337,-2.46e-11,-2.70e-11,-1.46e-13
1338,1.59e-11,-4.04e-10,-7.93e-12
1340,-4.89e-12,9.66e-12,1.83e-12
1341,3.55e-12,6.94e-13,5.31e-13
1342,1.50e-11,-1.57e-11,6.59e-12
1343,-4.11e-13,-4.12e-11,1.66e-12
1344,3.56e-11,1.57e-11,9.07e-12
1345,-1.46e-11,1.03e-10,-1.12e-13
1346,3.77e-11,7.21e-11,5.44e-11
1347,2.19e-11,-4.81e-13,-2.89e-13
1348,4.55e-12,1.68e-10,-5.33e-11
1349,-2.92e-11,1.32e-10,4.39e-13
1350,1.95e-11,-1.87e-10,6.13e-11
1351,-1.46e-11,-2.85e-11,1.33e-13
1352,-2.56e-11,6.63e-11,-6.27e-11
1353,-1.46e-11,2.04e-10,1.50e-13
1354,1.71e-11,8.64e-10,1.47e-10
1355,-1.46e-11,1.46e-10,-3.79e-13
1356,-9.32e-12,4.88e-11,7.55e-11
1357,6.28e-12,-7.73e-11,1.64e-11
1359,-4.98e-12,1.08e-12,-9.38e-13
1360,1.71e-12,6.82e-12,4.86e-12
1361,1.61e-11,2.22e-11,1.85e-13
1362,-3.13e-12,3.41e-12,-1.85e-12
1363,-2.44e-11,-4.08e-11,-1.18e-12
1364,-1.45e-11,-1.30e-10,2.20e-11
1365,1.17e-11,1.69e-11,-6.24e-12
1366,5.00e-11,7.79e-12,1.19e-11
1367,-7.28e-12,3.83e-11,2.03e-12
1368,-8.07e-11,-8.36e-11,8.85e-12
1369,3.19e-11,6.08e-12,-8.31e-13
1370,-3.41e-12,1.25e-10,-1.31e-11
1371,4.46e-11,-6.20e-12,1.49e-11
1372,8.92e-12,-3.75e-10,5.85e-11
1373,-1.91e-11,-8.41e-12,-4.29e-11
1374,-1.16e-10,2.75e-10,3.25e-11
1375,5.55e-11,2.07e-11,-1.61e-11
1376,7.93e-11,-1.67e+03,5.61e-12
1378,1.07e-11,2.10e-12,-1.14e-13
1379,-1.33e-11,1.55e-11,4.41e-13
1380,1.23e-12,7.05e-12,2.42e-13
1381,-1.31e-12,-1.35e-11,7.08e-12
1382,7.12e-12,2.09e-11,2.53e-12
1383,1.70e-11,6.25e-11,9.15e-12
1384,-2.59e-12,1.06e-11,4.59e-12
1385,2.86e-11,2.22e-11,-8.33e-12
1386,-4.73e-11,2.76e-11,-1.05e-11
1387,1.88e-11,-1.14e-10,-4.29e-11
1388,2.27e-11,-2.69e-11,-1.04e-11
1389,-6.82e-12,1.40e-10,-7.50e-12
1390,-5.91e-11,4.99e-11,-3.25e-12
1391,5.35e-11,-3.91e-11,-3.24e-11
1392,-4.64e-11,-1.43e-10,7.02e-12
1393,1.44e-11,4.71e-11,1.63e-11
1394,8.28e-11,2.48e-11,3.80e-11
1395,1.74e-11,2.34e-11,-2.38e-11
1397,-1.00e-11,5.68e-13,2.23e-12
1398,1.10e-11,-2.95e-12,-1.15e-13
1399,-4.69e-13,2.57e-11,-5.31e-12
1400,7.69e-12,6.06e-12,8.48e-13
1401,3.50e-11,-3.77e-11,2.19e-12
1402,-3.63e-11,-2.10e-11,5.88e-14
1403,1.84e-11,-1.71e-11,-3.39e-12
1404,2.17e-11,-4.41e-11,2.82e-13
1405,2.93e-11,-1.95e-10,6.03e-11
1406,1.46e-11,8.79e-11,5.36e-13
1407,-1.02e-10,-1.92e-10,1.83e-11
1408,6.87e-14,1.02e-10,6.20e-13
1409,-4.76e-11,-5.02e-11,-1.41e-10
1410,2.92e-11,-5.75e-11,-1.26e-13
1411,1.22e-10,9.09e-11,-2.00e-10
1412,-2.91e-11,8.80e-11,-3.77e-14
1413,-8.26e-13,-2.72e-10,1.96e-11
1414,3.41e-11,1.89e-10,1.39e-11
1416,-4.47e-12,-9.04e-12,8.88e-15
1417,3.68e-12,-1.05e-11,-4.58e-12
1418,-2.46e-12,2.74e-11,-1.35e-14
1419,1.39e-11,-1.23e-11,-1.68e-12
1420,8.98e-12,3.66e-11,-1.23e-13
1421,4.70e-12,2.09e-11,-1.65e-11
1422,-1.88e-12,-4.24e-11,1.62e-13
1423,-3.90e-11,-2.06e-10,-3.71e-11
1424,2.13e-11,-1.46e-11,1.87e-13
1425,2.74e-11,-3.33e-10,-3.12e-11
1426,-1.04e-11,1.92e-12,-1.30e-13
1427,-2.07e-12,-3.02e-10,4.49e-11
1428,1.22e-11,8.94e-11,6.86e-14
1429,4.73e-11,3.07e-10,4.57e-11
1430,-5.26e-12,-2.31e-10,-5.76e-14
1431,2.41e-11,-1.12e-10,-2.97e-12
1432,-4.59e-12,3.51e-10,1.60e-13
1433,1.40e-11,-9.24e-11,-7.45e-11
1435,5.68e-14,6.48e-12,-7.82e-14
1436,-4.22e-12,-5.14e-12,-3.41e-13
1437,-6.00e-12,-2.27e-11,5.48e-12
1438,-1.08e-12,2.10e-11,-5.85e-13
1439,-1.22e-11,-1.22e-10,-1.35e-11
1440,-4.95e-12,5.97e-11,-9.93e-14
1441,2.05e-11,3.50e-11,1.40e-11
1442,6.70e-13,5.98e-11,1.64e-13
1443,-3.98e-11,1.96e-10,4.04e-11
1444,3.43e-12,-1.04e-10,1.64e-13
1445,3.32e-11,6.00e-11,-1.93e-11
1446,3.84e-12,-4.56e-11,2.45e-13
1447,-4.15e-11,-3.88e-10,4.13e-11
1448,-2.11e-11,1.43e-10,5.14e-13
1449,8.63e-12,-5.09e-10,2.89e-11
1450,-2.42e-11,5.61e-11,-2.88e-13
1451,1.38e-11,3.36e-10,-1.91e-10
1452,7.55e-12,-1.05e-10,-1.73e-11
1454,1.46e-11,-4.09e-12,1.49e-13
1455,-3.92e-12,-3.84e-11,1.13e-11
1456,1.13e-11,5.71e-13,4.69e-14
1457,1.95e-12,-7.07e-11,-1.03e-12
1458,3.76e-13,-2.47e-11,-5.34e-13
1459,-2.47e-11,8.91e-11,-8.85e-12
1460,-3.54e-13,-6.96e-11,-4.51e-13
1461,-4.81e-11,1.78e-10,-8.01e-12
1462,2.91e-11,-5.82e-11,3.68e-13
1463,-1.22e-11,-2.62e-10,1.22e-10
1464,2.92e-11,2.85e-11,1.46e-13
1465,-1.28e-10,3.58e-11,8.38e-11
1466,1.46e-11,1.74e-10,-1.18e-13
1467,7.75e-11,2.26e-10,-1.73e-11
1468,-2.91e-11,-1.75e-10,7.24e-13
1469,1.40e-11,4.18e-10,-3.78e-11
1470,2.91e-11,2.03e-10,3.33e-13
1471,6.13e-11,1.09e-10,1.24e-10
1473,0.00e+00,2.96e-12,6.69e-12
1474,-1.23e-11,-3.64e-12,4.12e-13
1475,1.14e-13,9.21e-12,2.56e-13
1476,7.46e-13,1.94e-11,6.39e-13
1477,2.97e-11,-4.56e-11,-2.16e-11
1478,5.40e-12,-3.24e-11,6.25e-13
1479,-4.12e-13,3.43e-11,-2.20e-11
1480,5.49e-12,-3.59e-11,4.07e-12
1481,-7.28e-11,1.45e-10,-2.36e-11
1482,3.45e-11,1.27e-11,-1.70e-11
1483,3.54e-11,1.27e-10,2.02e-11
1484,-3.28e-11,-2.54e-11,-5.90e-13
1485,3.00e-11,8.09e-11,4.31e-11
1486,1.27e-11,-2.52e-11,1.96e-11
1487,-4.81e-11,-1.59e-10,-9.09e-11
1488,4.73e-11,-3.44e-11,1.14e-11
1489,7.67e-12,3.36e-10,4.41e-12
1490,-5.83e-11,-1.67e+03,-1.41e-11
1492,1.34e-11,6.25e-12,2.27e-12
1493,-8.27e-12,-5.00e-12,9.95e-13
1494,3.88e-11,2.46e-11,1.09e-11
1495,-1.08e-11,2.51e-11,-1.68e-12
1496,-1.65e-12,-3.59e-11,-3.98e-12
1497,-3.46e-11,-8.07e-12,-1.79e-12
1498,-4.34e-11,-2.19e-11,1.72e-11
1499,-9.15e-12,-2.66e-11,-3.87e-12
1500,3.89e-11,2.89e-11,-3.51e-11
1501,7.32e-12,8.21e-11,3.38e-12
1502,3.47e-11,1.04e-10,-5.86e-11
1503,-3.82e-11,8.70e-11,8.33e-12
1504,-1.51e-11,7.75e-11,-5.16e-11
1505,3.37e-11,-1.66e-10,-4.97e-12
1506,-1.30e-11,1.23e-10,-7.79e-11
1507,5.82e-11,1.56e-10,-3.52e-12
1508,-6.51e-11,-1.25e-10,6.27e-11
1509,-1.84e-12,-3.47e-11,-3.91e-11
1511,-5.21e-12,-9.28e-13,-6.82e-13
1512,-1.76e-11,-2.36e-11,5.37e-12
1513,3.22e-12,3.27e-13,7.93e-13
1514,3.22e-11,-5.66e-11,8.13e-12
1515,-2.22e-11,5.90e-11,-6.28e-13
1516,2.85e-11,-7.19e-11,9.60e-12
1517,-3.59e-11,1.20e-10,2.20e-12
1518,1.00e-10,-6.26e-11,-1.70e-12
1519,-4.37e-11,1.46e-11,-1.71e-13
1520,1.71e-12,3.07e-10,-4.34e-11
1521,2.90e-11,-1.76e-10,2.34e-13
1522,-9.14e-11,3.26e-10,1.01e-10
1523,-7.13e-14,-1.18e-10,1.60e-13
1524,1.73e-11,-4.07e-10,-8.63e-11
1525,-1.46e-11,-1.18e-10,6.88e-14
1526,7.14e-11,-3.11e-10,1.68e-10
1527,1.46e-11,-2.92e-10,-4.26e-13
1528,1.21e-10,5.18e-10,2.15e-11
1530,-8.19e-12,5.68e-12,-1.45e-12
1531,-3.92e-13,2.78e-12,-4.05e-13
1532,-7.43e-12,-7.28e-12,-1.29e-12
1533,-6.76e-12,2.11e-11,-1.34e-12
1534,1.82e-11,-6.25e-11,1.38e-11
1535,-1.35e-12,1.31e-12,-9.92e-14
1536,6.62e-12,-1.91e-11,7.79e-12
1537,-6.98e-12,-1.88e-10,-1.28e-13
1538,-4.41e-12,2.26e-10,3.04e-11
1539,-5.46e-12,-2.93e-10,-3.95e-13
1540,-3.81e-11,1.46e-10,-3.59e-11
1541,1.90e-11,-1.62e-10,6.94e-14
1542,-4.71e-11,1.42e-10,-1.23e-10
1543,-7.66e-12,-1.76e-10,2.96e-13
1544,-3.67e-11,4.52e-10,-5.33e-11
1545,-1.66e-12,1.14e-10,-2.72e-13
1546,-2.83e-11,-2.32e-10,-1.28e-11
1547,2.67e-11,-5.55e-11,-2.97e-12
1549,-2.96e-12,-6.43e-12,3.98e-13
1550,2.42e-12,2.18e-11,-1.34e-12
1551,2.23e-12,1.88e-12,4.38e-14
1552,3.84e-12,-1.14e-11,-8.45e-12
1553,-5.75e-12,1.10e-11,-5.81e-13
1554,-1.04e-11,4.55e-11,3.94e-13
1555,6.44e-12,1.61e-11,2.26e-13
1556,-3.04e-12,2.07e-10,1.59e-11
1557,1.20e-11,-4.80e-14,6.52e-14
1558,1.59e-11,-2.55e-10,-1.53e-11
1559,1.23e-11,1.76e-10,-1.21e-12
1560,-2.26e-11,2.96e-10,-4.79e-11
1561,2.19e-11,-7.09e-11,3.42e-13
1562,3.72e-11,-1.37e-10,1.63e-10
1563,-1.35e-12,-5.63e-11,-1.30e-13
1564,-3.78e-12,-2.70e-10,3.46e-11
1565,-2.46e-11,1.48e-10,1.42e-13
1566,1.44e-11,2.82e-10,-1.99e-11
1568,-3.87e-12,2.05e-12,2.84e-12
1569,2.12e-13,2.85e-12,9.38e-13
1570,-6.75e-12,-2.89e-11,-2.77e-13
1571,1.42e-11,-2.66e-11,-1.02e-12
1572,5.62e-11,8.23e-11,-4.63e-12
1573,-1.46e-11,-1.37e-11,1.32e-12
1574,4.26e-13,7.71e-11,-3.08e-11
1575,-7.13e-12,-9.96e-13,-1.46e-12
1576,2.50e-12,-7.62e-12,-3.03e-12
1577,4.35e-11,-1.74e-10,-6.71e-13
1578,-6.53e-11,-1.35e-10,-1.92e-11
1579,1.45e-11,3.07e-10,3.49e-13
1580,-1.68e-12,1.86e-10,9.78e-11
1581,2.90e-11,1.18e-10,-3.95e-13
1582,-4.74e-11,1.74e-10,9.02e-11
1583,-2.91e-11,1.37e-12,-1.22e-13
1584,-2.01e-11,6.93e-10,5.64e-11
1585,1.25e-11,1.95e-10,3.21e-12
1587,-4.88e-12,1.48e-12,9.09e-13
1588,9.12e-12,-1.36e-12,9.09e-13
1589,5.62e-12,1.06e-11,1.76e-12
1590,-1.77e-11,-1.96e-11,-1.14e-13
1591,5.61e-12,-1.67e-11,4.04e-12
1592,-7.63e-12,1.52e-11,-2.19e-11
1593,1.07e-11,-2.26e-11,-2.36e-12
1594,-4.72e-11,-8.83e-11,-3.69e-11
1595,5.46e-12,8.67e-11,-1.01e-11
1596,-4.70e-11,-5.79e-11,1.02e-11
1597,7.01e-11,2.15e-11,1.29e-11
1598,-1.01e-11,1.23e-11,-1.23e-11
1599,7.31e-12,5.70e-11,2.86e-12
1600,-1.57e-11,-1.46e-10,-1.42e-11
1601,3.55e-11,8.56e-11,5.81e-12
1602,-3.94e-11,3.00e-10,9.47e-11
1603,1.64e-11,-6.13e-11,-1.24e-11
1604,3.33e-11,-1.67e+03,2.35e-11
1606,-6.82e-13,-2.16e-12,4.55e-13
1607,2.98e-12,-1.48e-12,6.37e-12
1608,4.70e-13,-5.46e-12,-1.82e-12
1609,-2.40e-11,-2.61e-12,-1.46e-11
1610,5.98e-12,-6.42e-12,-5.57e-12
1611,-3.15e-12,-1.23e-11,-1.36e-11
1612,1.57e-11,-7.84e-12,7.16e-12
1613,-6.84e-12,3.88e-11,1.75e-11
1614,6.82e-13,-1.71e-11,-9.78e-12
1615,-4.85e-11,-4.05e-11,1.96e-11
1616,1.33e-11,-4.37e-11,-9.09e-13
1617,-2.20e-12,-6.27e-11,2.76e-11
1618,2.72e-11,-4.20e-11,3.00e-11
1619,3.42e-11,1.85e-11,1.10e-11
1620,2.38e-12,2.52e-11,-9.63e-12
1621,6.78e-12,-1.04e-11,-1.04e-10
1622,5.30e-12,1.02e-10,-5.41e-11
1623,4.85e-12,-2.94e-11,1.98e-12
1625,-1.56e-12,-2.07e-12,-1.82e-12
1626,3.98e-12,2.44e-12,1.82e-12
1627,-1.85e-13,-2.18e-11,-3.18e-12
1628,3.10e-12,8.19e-12,-2.84e-12
1629,4.73e-12,-1.14e-12,1.59e-12
1630,4.68e-12,7.79e-12,4.66e-12
1631,-2.29e-11,9.26e-11,3.50e-11
1632,2.39e-11,-2.06e-11,1.26e-11
1633,7.25e-11,8.64e-12,4.09e-12
1634,1.49e-11,-3.28e-11,1.92e-11
1635,1.17e-10,-1.29e-10,-3.25e-11
1636,-2.34e-11,1.19e-10,-1.39e-11
1637,-8.78e-11,2.37e-10,-3.01e-11
1638,-4.39e-11,-1.42e-10,2.69e-11
1639,2.62e-11,8.96e-11,1.92e-11
1640,1.02e-11,-3.60e-11,-1.16e-11
1641,-9.53e-11,-2.55e-10,-7.09e-11
1642,6.32e-12,-9.47e-11,-1.79e-11
1644,-3.85e-12,2.27e-12,2.27e-12
1645,8.17e-12,-8.81e-13,2.73e-12
1646,4.07e-12,1.36e-12,-3.64e-12
1647,6.59e-12,-4.07e-11,7.62e-12
1648,-1.48e-11,7.39e-12,-1.99e-12
1649,-8.24e-13,4.64e-11,9.78e-12
1650,-4.16e-12,4.83e-12,-1.09e-11
1651,-2.54e-11,8.78e-11,5.68e-14
1652,-8.00e-12,1.38e-11,-9.09e-12
1653,4.44e-12,2.95e-11,-2.64e-11
1654,8.47e-12,1.03e-10,-9.12e-12
1655,3.48e-12,-1.85e-10,-3.19e-11
1656,2.12e-11,1.28e-11,-7.39e-12
1657,2.18e-11,-7.72e-12,-4.08e-11
1658,2.62e-12,-2.90e-11,1.51e-11
1659,1.37e-11,-2.66e-11,7.94e-11
1660,-1.78e-11,6.40e-11,-8.67e-12
1661,-3.24e-11,-1.11e-10,4.97e-12
1663,5.00e-12,3.45e-12,3.41e-13
1664,-8.46e-13,-1.53e-12,-2.16e-12
1665,-5.73e-12,-1.52e-11,1.93e-12
1666,3.78e-12,-2.16e-12,-4.55e-13
1667,-8.35e-12,2.55e-11,8.07e-12
1668,-1.32e-11,-2.92e-11,-2.84e-13
1669,1.21e-11,-9.43e-11,1.54e-11
1670,2.69e-12,-2.49e-11,-7.79e-12
1671,1.39e-11,-1.70e-10,-1.67e-11
1672,-9.18e-13,-2.85e-11,-1.31e-11
1673,-4.42e-12,-6.87e-11,1.58e-11
1674,-1.47e-11,5.19e-11,4.18e-12
1675,-1.92e-11,4.43e-11,-2.32e-11
1676,-4.25e-12,-7.12e-11,-3.47e-11
1677,-1.47e-12,1.78e-10,4.22e-11
1678,1.14e-11,-1.04e-10,2.09e-11
1679,6.31e-11,1.10e-10,7.88e-11
1680,1.15e-11,9.44e-11,-2.90e-12
1682,-2.84e-13,-1.71e-13,6.82e-13
1683,-3.27e-12,1.19e-11,-3.18e-12
1684,-4.65e-12,-5.68e-13,-1.14e-13
1685,2.39e-12,2.16e-12,4.55e-13
1686,1.96e-12,6.31e-12,-1.71e-12
1687,-2.83e-12,-1.87e-11,0.00e+00
1688,2.63e-12,4.21e-12,-1.14e-12
1689,1.36e-11,9.77e-11,1.96e-11
1690,1.02e-11,-1.96e-11,3.98e-12
1691,-2.72e-11,2.36e-11,-2.50e-11
1692,-1.27e-11,-2.95e-11,1.02e-12
1693,4.92e-11,-2.06e-10,3.09e-11
1694,1.61e-11,-2.82e-11,-8.58e-12
1695,-1.13e-11,-1.43e-10,4.57e-11
1696,3.87e-12,1.65e-12,-2.07e-11
1697,2.91e-11,2.27e-10,6.12e-11
1698,-2.20e-11,6.43e-11,1.46e-11
1699,-1.00e-11,-6.86e-11,4.17e-11
1701,-5.68e-13,1.71e-12,1.59e-12
1702,1.77e-12,-3.07e-12,-5.91e-12
1703,-1.70e-11,8.41e-12,-7.05e-12
1704,8.28e-13,4.55e-13,2.50e-12
1705,-1.18e-11,-1.32e-11,-8.87e-12
1706,-4.41e-12,-8.47e-12,-8.07e-12
1707,-1.44e-11,-1.93e-11,1.00e-11
1708,-2.15e-12,-7.11e-12,-1.32e-11
1709,-1.26e-11,4.74e-11,4.32e-12
1710,-1.06e-11,-2.70e-11,9.44e-12
1711,-3.11e-11,-5.74e-12,7.84e-12
1712,2.96e-11,-7.56e-12,4.68e-11
1713,4.61e-11,3.97e-11,8.80e-11
1714,-1.96e-11,1.34e-11,-1.93e-12
1715,3.45e-11,-4.84e-11,-1.87e-11
1716,6.65e-12,-7.58e-11,8.24e-13
1717,-4.37e-11,-5.21e-11,2.28e-11
1718,1.09e-11,-1.67e+03,1.93e-12
